gsl,states,entities,sumlevel,program_label,program,sub_program,name,code,total_units,pct_occupied,number_reported,pct_reported,months_since_report,pct_movein,people_per_unit,people_total,rent_per_month,spending_per_month,hh_income,person_income,pct_lt5k,pct_5k_lt10k,pct_10k_lt15k,pct_15k_lt20k,pct_ge20k,pct_wage_major,pct_welfare_major,pct_other_major,pct_median,pct_lt50_median,pct_lt30_median,pct_2adults,pct_1adult,pct_female_head,pct_female_head_child,pct_disabled_lt62,pct_disabled_ge62,pct_disabled_all,pct_lt24_head,pct_age25_50,pct_age51_61,pct_age62plus,pct_age85plus,pct_minority,pct_black_nonhsp,pct_native_american_nonhsp,pct_asian_pacific_nonhsp,pct_white_nothsp,pct_black_hsp,pct_wht_hsp,pct_oth_hsp,pct_hispanic,pct_multi,months_waiting,months_from_movein,pct_utility_allow,ave_util_allow,pct_bed1,pct_bed2,pct_bed3,pct_overhoused,tpoverty,tminority,tpct_ownsfd,fedhse,cbsa,place,latitude,longitude,state,pha_total_units,ha_size,Quarter,GEOID
Census Tract,DE Delaware,DE Delaware 001 Kent County 10001040100,7,Housing Choice Vouchers,3,NA,DE Delaware Kent County 040100,10001040100,6,-4,-4,-4,-4,-4,-4,-4,-4,-4,-4,-4,-4,-4,-4,-4,-4,-4,-4,-4,-4,-4,-4,-4,-4,-4,-4,-4,-4,-4,-4,-4,-4,-4,-4,-4,-4,-4,-4,-4,-4,-4,-4,-4,-4,-4,-4,-4,-4,-4,-4,-4,-4,-4,-4,-4,NA,20100,99999,NA,NA,DE,NA,NA,2020-12-31T00:00:00Z,10001040100
Census Tract,DE Delaware,DE Delaware 001 Kent County 10001040201,7,Housing Choice Vouchers,3,NA,DE Delaware Kent County 040201,10001040201,7,-4,-4,-4,-4,-4,-4,-4,-4,-4,-4,-4,-4,-4,-4,-4,-4,-4,-4,-4,-4,-4,-4,-4,-4,-4,-4,-4,-4,-4,-4,-4,-4,-4,-4,-4,-4,-4,-4,-4,-4,-4,-4,-4,-4,-4,-4,-4,-4,-4,-4,-4,-4,-4,-4,-4,NA,20100,15440,NA,NA,DE,NA,NA,2020-12-31T00:00:00Z,10001040201
Census Tract,DE Delaware,DE Delaware 001 Kent County 10001040202,7,Housing Choice Vouchers,3,NA,DE Delaware Kent County 040202,10001040202,10,-4,-4,-4,-4,-4,-4,-4,-4,-4,-4,-4,-4,-4,-4,-4,-4,-4,-4,-4,-4,-4,-4,-4,-4,-4,-4,-4,-4,-4,-4,-4,-4,-4,-4,-4,-4,-4,-4,-4,-4,-4,-4,-4,-4,-4,-4,-4,-4,-4,-4,-4,-4,-4,-4,-4,NA,20100,15440,NA,NA,DE,NA,NA,2020-12-31T00:00:00Z,10001040202
Census Tract,DE Delaware,DE Delaware 001 Kent County 10001040203,7,Housing Choice Vouchers,3,NA,DE Delaware Kent County 040203,10001040203,44,74,31,96,6,10,1.6,50,354,594,13509,8376,7,41,21,10,21,16,3,74,26,90,65,-1,35,77,32,50,100,38,23,29,32,16,-1,74,71,-1,-1,26,-1,3,-1,3,0,-1,103,97,126,3,84,13,58,13,40,51,NA,20100,99999,NA,NA,DE,NA,NA,2020-12-31T00:00:00Z,10001040203
Census Tract,DE Delaware,DE Delaware 001 Kent County 10001040501,7,Housing Choice Vouchers,3,NA,DE Delaware Kent County 040501,10001040501,52,69,37,100,8,5,2.5,94,402,640,15255,6005,9,29,23,14,26,32,8,54,26,92,68,3,46,73,41,42,83,22,3,51,30,16,3,84,78,3,-1,16,3,-1,-1,3,0,50,90,95,129,14,62,24,27,14,56,63,NA,20100,21200,NA,NA,DE,NA,NA,2020-12-31T00:00:00Z,10001040501
Census Tract,DE Delaware,DE Delaware 001 Kent County 10001040502,7,Housing Choice Vouchers,3,NA,DE Delaware Kent County 040502,10001040502,57,70,40,100,6,18,2.7,109,418,623,15929,5846,10,21,15,23,31,35,5,58,27,90,58,5,55,83,58,41,67,19,5,55,33,8,-1,88,80,-1,-1,13,-1,8,-1,8,0,-1,61,100,152,3,48,50,35,16,34,72,NA,20100,21200,NA,NA,DE,NA,NA,2020-12-31T00:00:00Z,10001040502
Census Tract,DE Delaware,DE Delaware 001 Kent County 10001040700,7,Housing Choice Vouchers,3,NA,DE Delaware Kent County 040700,10001040700,58,69,41,100,7,7,3.1,126,414,632,16144,5253,8,29,18,5,39,39,-1,54,26,90,61,5,68,98,71,28,60,11,2,73,12,12,-1,98,98,-1,-1,2,-1,-1,-1,0,2,48,77,98,160,-1,27,73,17,24,45,66,NA,20100,21200,NA,NA,DE,NA,NA,2020-12-31T00:00:00Z,10001040700
Census Tract,DE Delaware,DE Delaware 001 Kent County 10001040900,7,Housing Choice Vouchers,3,NA,DE Delaware Kent County 040900,10001040900,34,70,24,100,5,21,1.4,34,280,626,10870,7673,5,40,20,25,10,8,4,71,22,100,67,-1,25,75,25,56,67,41,13,42,21,25,-1,75,67,-1,-1,25,4,4,-1,8,4,-1,91,100,107,8,88,4,63,16,34,42,NA,20100,21200,NA,NA,DE,NA,NA,2020-12-31T00:00:00Z,10001040900
Census Tract,DE Delaware,DE Delaware 001 Kent County 10001041000,7,Housing Choice Vouchers,3,NA,DE Delaware Kent County 041000,10001041000,102,68,72,100,7,3,2.5,181,456,648,17367,6909,6,26,7,23,38,42,4,50,30,86,49,1,56,93,54,22,71,14,7,60,10,24,-1,90,83,1,-1,8,-1,6,-1,6,1,57,88,100,151,11,29,60,32,16,55,45,NA,20100,21200,NA,NA,DE,NA,NA,2020-12-31T00:00:00Z,10001041000
Census Tract,DE Delaware,DE Delaware 001 Kent County 10001041200,7,Housing Choice Vouchers,3,NA,DE Delaware Kent County 041200,10001041200,132,71,93,100,7,12,2.5,234,410,620,16778,6668,1,29,29,12,30,34,1,62,29,91,68,1,48,84,48,42,81,22,8,47,23,23,1,77,72,-1,-1,23,-1,4,1,5,3,-1,102,98,129,24,30,46,25,17,52,60,NA,20100,21200,NA,NA,DE,NA,NA,2020-12-31T00:00:00Z,10001041200
Census Tract,DE Delaware,DE Delaware 001 Kent County 10001041300,7,Housing Choice Vouchers,3,NA,DE Delaware Kent County 041300,10001041300,28,72,20,99,6,5,2.3,46,508,613,19660,8548,5,15,35,10,35,35,-1,65,35,80,55,10,40,85,45,53,100,28,10,45,20,25,-1,65,65,-1,-1,35,-1,-1,-1,0,0,51,90,95,158,20,30,50,40,28,56,49,NA,20100,21200,NA,NA,DE,NA,NA,2020-12-31T00:00:00Z,10001041300
Census Tract,DE Delaware,DE Delaware 001 Kent County 10001041400,7,Housing Choice Vouchers,3,NA,DE Delaware Kent County 041400,10001041400,78,67,55,100,8,5,2,112,337,655,13911,6831,4,40,31,11,15,20,2,78,25,96,73,4,24,76,25,69,70,38,13,27,18,42,2,82,76,-1,-1,18,4,2,-1,5,0,52,125,98,136,51,22,27,20,26,64,42,NA,20100,21200,NA,NA,DE,NA,NA,2020-12-31T00:00:00Z,10001041400
Census Tract,DE Delaware,DE Delaware 001 Kent County 10001041500,7,Housing Choice Vouchers,3,NA,DE Delaware Kent County 041500,10001041500,64,69,45,100,7,2,2.5,113,393,638,15017,5980,5,34,23,16,23,36,2,60,26,98,69,7,40,80,44,49,75,22,2,56,24,18,-1,89,87,-1,-1,11,-1,2,-1,2,2,-1,122,98,117,22,49,29,27,24,47,70,NA,20100,21200,NA,NA,DE,NA,NA,2020-12-31T00:00:00Z,10001041500
Census Tract,DE Delaware,DE Delaware 001 Kent County 10001041600,7,Housing Choice Vouchers,3,NA,DE Delaware Kent County 041600,10001041600,9,-4,-4,-4,-4,-4,-4,-4,-4,-4,-4,-4,-4,-4,-4,-4,-4,-4,-4,-4,-4,-4,-4,-4,-4,-4,-4,-4,-4,-4,-4,-4,-4,-4,-4,-4,-4,-4,-4,-4,-4,-4,-4,-4,-4,-4,-4,-4,-4,-4,-4,-4,-4,-4,-4,-4,NA,20100,38710,NA,NA,DE,NA,NA,2020-12-31T00:00:00Z,10001041600
Census Tract,DE Delaware,DE Delaware 001 Kent County 10001041701,7,Housing Choice Vouchers,3,NA,DE Delaware Kent County 041701,10001041701,28,70,20,100,6,10,3.1,61,384,626,15621,5122,10,30,20,15,25,30,5,65,25,90,75,-1,50,90,50,36,100,25,5,50,15,30,-1,75,75,-1,-1,25,-1,-1,-1,0,5,-1,112,100,166,5,35,60,35,6,34,81,NA,20100,81350,NA,NA,DE,NA,NA,2020-12-31T00:00:00Z,10001041701
Census Tract,DE Delaware,DE Delaware 001 Kent County 10001041702,7,Housing Choice Vouchers,3,NA,DE Delaware Kent County 041702,10001041702,16,74,11,96,6,18,2.1,23,309,594,12215,5842,9,55,18,-1,18,18,-1,82,22,100,82,-1,27,64,27,57,100,35,-1,36,27,36,-1,82,82,-1,-1,18,-1,-1,-1,0,0,-1,155,91,153,-1,36,64,73,11,38,90,NA,20100,34810,NA,NA,DE,NA,NA,2020-12-31T00:00:00Z,10001041702
Census Tract,DE Delaware,DE Delaware 001 Kent County 10001041801,7,Housing Choice Vouchers,3,NA,DE Delaware Kent County 041801,10001041801,24,68,17,100,8,6,2.5,42,460,640,16886,6835,-1,13,31,25,31,47,-1,47,30,94,41,6,59,94,65,33,50,17,-1,53,35,12,-1,76,71,-1,6,24,-1,-1,-1,0,0,-1,89,100,133,6,29,65,35,13,36,61,NA,20100,14660,NA,NA,DE,NA,NA,2020-12-31T00:00:00Z,10001041801
Census Tract,DE Delaware,DE Delaware 001 Kent County 10001041802,7,Housing Choice Vouchers,3,NA,DE Delaware Kent County 041802,10001041802,16,71,11,99,6,-1,3.5,38,437,617,14983,4337,9,27,18,18,27,45,-1,55,23,100,73,-1,82,100,82,50,100,18,18,36,36,9,-1,82,82,-1,-1,18,-1,-1,-1,0,0,-1,101,100,194,-1,9,91,27,16,35,69,NA,20100,21200,NA,NA,DE,NA,NA,2020-12-31T00:00:00Z,10001041802
Census Tract,DE Delaware,DE Delaware 001 Kent County 10001041900,7,Housing Choice Vouchers,3,NA,DE Delaware Kent County 041900,10001041900,3,-4,-4,-4,-4,-4,-4,-4,-4,-4,-4,-4,-4,-4,-4,-4,-4,-4,-4,-4,-4,-4,-4,-4,-4,-4,-4,-4,-4,-4,-4,-4,-4,-4,-4,-4,-4,-4,-4,-4,-4,-4,-4,-4,-4,-4,-4,-4,-4,-4,-4,-4,-4,-4,-4,-4,NA,20100,99999,NA,NA,DE,NA,NA,2020-12-31T00:00:00Z,10001041900
Census Tract,DE Delaware,DE Delaware 001 Kent County 10001042000,7,Housing Choice Vouchers,3,NA,DE Delaware Kent County 042000,10001042000,3,-4,-4,-4,-4,-4,-4,-4,-4,-4,-4,-4,-4,-4,-4,-4,-4,-4,-4,-4,-4,-4,-4,-4,-4,-4,-4,-4,-4,-4,-4,-4,-4,-4,-4,-4,-4,-4,-4,-4,-4,-4,-4,-4,-4,-4,-4,-4,-4,-4,-4,-4,-4,-4,-4,-4,NA,20100,99999,NA,NA,DE,NA,NA,2020-12-31T00:00:00Z,10001042000
Census Tract,DE Delaware,DE Delaware 001 Kent County 10001042100,7,Housing Choice Vouchers,3,NA,DE Delaware Kent County 042100,10001042100,4,-4,-4,-4,-4,-4,-4,-4,-4,-4,-4,-4,-4,-4,-4,-4,-4,-4,-4,-4,-4,-4,-4,-4,-4,-4,-4,-4,-4,-4,-4,-4,-4,-4,-4,-4,-4,-4,-4,-4,-4,-4,-4,-4,-4,-4,-4,-4,-4,-4,-4,-4,-4,-4,-4,-4,NA,20100,99999,NA,NA,DE,NA,NA,2020-12-31T00:00:00Z,10001042100
Census Tract,DE Delaware,DE Delaware 001 Kent County 10001042201,7,Housing Choice Vouchers,3,NA,DE Delaware Kent County 042201,10001042201,31,74,22,96,6,9,2.5,54,480,594,18846,7678,-1,36,-1,27,36,27,-1,73,32,82,59,9,32,95,36,63,67,33,9,32,32,27,-1,82,82,-1,-1,18,-1,-1,-1,0,0,-1,130,100,163,5,50,45,45,10,37,68,NA,20100,61265,NA,NA,DE,NA,NA,2020-12-31T00:00:00Z,10001042201
Census Tract,DE Delaware,DE Delaware 001 Kent County 10001042202,7,Housing Choice Vouchers,3,NA,DE Delaware Kent County 042202,10001042202,13,-4,-4,-4,-4,-4,-4,-4,-4,-4,-4,-4,-4,-4,-4,-4,-4,-4,-4,-4,-4,-4,-4,-4,-4,-4,-4,-4,-4,-4,-4,-4,-4,-4,-4,-4,-4,-4,-4,-4,-4,-4,-4,-4,-4,-4,-4,-4,-4,-4,-4,-4,-4,-4,-4,-4,NA,20100,44430,NA,NA,DE,NA,NA,2020-12-31T00:00:00Z,10001042202
Census Tract,DE Delaware,DE Delaware 001 Kent County 10001042500,7,Housing Choice Vouchers,3,NA,DE Delaware Kent County 042500,10001042500,13,-4,-4,-4,-4,-4,-4,-4,-4,-4,-4,-4,-4,-4,-4,-4,-4,-4,-4,-4,-4,-4,-4,-4,-4,-4,-4,-4,-4,-4,-4,-4,-4,-4,-4,-4,-4,-4,-4,-4,-4,-4,-4,-4,-4,-4,-4,-4,-4,-4,-4,-4,-4,-4,-4,-4,NA,20100,47420,NA,NA,DE,NA,NA,2020-12-31T00:00:00Z,10001042500
Census Tract,DE Delaware,DE Delaware 001 Kent County 10001042800,7,Housing Choice Vouchers,3,NA,DE Delaware Kent County 042800,10001042800,23,74,16,96,6,13,1.9,31,506,594,19666,10150,13,19,25,-1,44,25,13,63,35,75,50,6,31,56,31,63,100,52,-1,38,19,44,-1,88,88,-1,-1,13,-1,-1,-1,0,0,-1,81,94,145,13,50,38,56,14,21,80,NA,20100,99999,NA,NA,DE,NA,NA,2020-12-31T00:00:00Z,10001042800
Census Tract,DE Delaware,DE Delaware 001 Kent County 10001042900,7,Housing Choice Vouchers,3,NA,DE Delaware Kent County 042900,10001042900,3,-4,-4,-4,-4,-4,-4,-4,-4,-4,-4,-4,-4,-4,-4,-4,-4,-4,-4,-4,-4,-4,-4,-4,-4,-4,-4,-4,-4,-4,-4,-4,-4,-4,-4,-4,-4,-4,-4,-4,-4,-4,-4,-4,-4,-4,-4,-4,-4,-4,-4,-4,-4,-4,-4,-4,NA,20100,36760,NA,NA,DE,NA,NA,2020-12-31T00:00:00Z,10001042900
Census Tract,DE Delaware,DE Delaware 001 Kent County 10001043000,7,Housing Choice Vouchers,3,NA,DE Delaware Kent County 043000,10001043000,16,74,11,96,7,27,2.4,26,321,594,12358,5228,9,27,36,9,18,36,9,55,22,100,82,9,36,82,36,60,100,27,9,45,36,9,-1,82,82,-1,-1,18,-1,-1,-1,0,0,-1,68,100,135,18,27,55,36,19,27,69,NA,20100,33120,NA,NA,DE,NA,NA,2020-12-31T00:00:00Z,10001043000
Census Tract,DE Delaware,DE Delaware 001 Kent County 10001043100,7,Housing Choice Vouchers,3,NA,DE Delaware Kent County 043100,10001043100,3,-4,-4,-4,-4,-4,-4,-4,-4,-4,-4,-4,-4,-4,-4,-4,-4,-4,-4,-4,-4,-4,-4,-4,-4,-4,-4,-4,-4,-4,-4,-4,-4,-4,-4,-4,-4,-4,-4,-4,-4,-4,-4,-4,-4,-4,-4,-4,-4,-4,-4,-4,-4,-4,-4,-4,NA,20100,99999,NA,NA,DE,NA,NA,2020-12-31T00:00:00Z,10001043100
Census Tract,DE Delaware,DE Delaware 001 Kent County 10001043300,7,Housing Choice Vouchers,3,NA,DE Delaware Kent County 043300,10001043300,60,70,42,100,6,5,2.1,87,322,628,12479,6024,8,41,23,13,15,26,-1,67,23,90,76,-1,36,67,33,53,70,30,5,45,26,24,-1,90,86,2,-1,10,-1,2,-1,2,0,63,96,98,142,31,36,33,29,22,66,50,NA,20100,21200,NA,NA,DE,NA,NA,2020-12-31T00:00:00Z,10001043300
Census Tract,DE Delaware,DE Delaware 001 Kent County 10001043400,7,Housing Choice Vouchers,3,NA,DE Delaware Kent County 043400,10001043400,64,74,45,96,6,2,1.6,72,383,594,15487,9679,-1,27,24,27,22,11,-1,89,30,96,56,-1,22,73,20,57,90,43,40,18,22,20,-1,64,60,-1,-1,36,-1,4,-1,4,0,-1,123,100,102,42,42,16,33,14,26,74,NA,20100,28440,NA,NA,DE,NA,NA,2020-12-31T00:00:00Z,10001043400
Census Tract,DE Delaware,DE Delaware 001 Kent County 10001999999,7,Housing Choice Vouchers,3,NA,DE Delaware Kent County 999999,10001999999,17,74,12,96,6,17,2,24,482,594,19612,9806,-1,33,33,8,25,33,-1,67,33,83,67,8,25,67,25,82,-1,42,8,25,58,8,-1,83,83,-1,-1,17,-1,-1,-1,0,0,-1,85,100,145,33,42,25,17,19,36,66,NA,20100,15440,NA,NA,DE,NA,NA,2020-12-31T00:00:00Z,10001999999
Census Tract,DE Delaware,DE Delaware 003 New Castle County 10003000200,7,Housing Choice Vouchers,3,NA,DE Delaware New Castle County 000200,10003000200,111,94,109,100,6,6,3.1,336,489,812,19423,6301,7,19,17,14,44,49,2,43,23,94,72,5,68,95,72,18,64,14,1,64,25,10,-1,100,99,1,-1,-1,-1,-1,-1,0,0,57,133,98,136,12,6,82,20,19,84,24,NA,37980,77580,NA,NA,DE,NA,NA,2020-12-31T00:00:00Z,10003000200
Census Tract,DE Delaware,DE Delaware 003 New Castle County 10003000300,7,Housing Choice Vouchers,3,NA,DE Delaware New Castle County 000300,10003000300,138,94,135,100,6,6,2.8,374,396,812,15495,5593,6,25,18,18,32,41,1,47,18,99,80,3,54,92,55,34,77,20,1,61,28,10,-1,99,96,-1,-1,1,1,2,-1,3,0,56,131,99,135,19,14,67,26,21,85,11,NA,37980,77580,NA,NA,DE,NA,NA,2020-12-31T00:00:00Z,10003000300
Census Tract,DE Delaware,DE Delaware 003 New Castle County 10003000400,7,Housing Choice Vouchers,3,NA,DE Delaware New Castle County 000400,10003000400,208,94,204,100,6,4,1.3,263,353,812,14783,11467,3,24,31,21,20,8,1,90,21,100,83,-1,10,72,10,31,72,55,1,11,5,83,8,94,89,-1,-1,6,2,1,1,4,0,30,113,19,116,86,5,9,4,20,58,11,NA,37980,77580,NA,NA,DE,NA,NA,2020-12-31T00:00:00Z,10003000400
Census Tract,DE Delaware,DE Delaware 003 New Castle County 10003000500,7,Housing Choice Vouchers,3,NA,DE Delaware New Castle County 000500,10003000500,181,94,177,100,6,14,2.8,488,350,810,13821,5013,8,28,26,15,23,27,2,63,17,98,88,2,58,92,59,32,57,20,2,58,20,20,-1,99,95,-1,-1,1,2,1,-1,3,0,30,109,98,131,19,11,70,28,26,94,5,NA,37980,77580,NA,NA,DE,NA,NA,2020-12-31T00:00:00Z,10003000500
Census Tract,DE Delaware,DE Delaware 003 New Castle County 10003000601,7,Housing Choice Vouchers,3,NA,DE Delaware New Castle County 000601,10003000601,78,94,76,100,6,7,2.8,211,414,812,15348,5528,8,22,24,10,37,36,-1,47,18,96,76,1,63,92,63,24,80,11,3,67,24,7,-1,100,99,-1,-1,-1,-1,1,-1,1,0,53,127,100,143,-1,24,76,41,26,95,7,NA,37980,77580,NA,NA,DE,NA,NA,2020-12-31T00:00:00Z,10003000601
Census Tract,DE Delaware,DE Delaware 003 New Castle County 10003000602,7,Housing Choice Vouchers,3,NA,DE Delaware New Castle County 000602,10003000602,90,94,88,100,7,9,2.7,239,342,809,12894,4748,20,24,9,15,31,36,7,41,16,98,85,-1,58,93,56,23,86,15,3,67,22,8,-1,100,94,-1,-1,-1,-1,5,1,6,0,56,118,98,140,8,25,67,34,40,94,15,NA,37980,77580,NA,NA,DE,NA,NA,2020-12-31T00:00:00Z,10003000602
Census Tract,DE Delaware,DE Delaware 003 New Castle County 10003000900,7,Housing Choice Vouchers,3,NA,DE Delaware New Castle County 000900,10003000900,127,94,124,100,6,12,2.1,256,327,812,11996,5810,12,28,25,13,22,30,2,55,16,99,89,2,44,91,44,33,81,24,5,49,29,17,-1,99,94,-1,-1,1,1,4,-1,5,0,55,113,98,124,20,34,46,43,23,97,4,NA,37980,77580,NA,NA,DE,NA,NA,2020-12-31T00:00:00Z,10003000900
Census Tract,DE Delaware,DE Delaware 003 New Castle County 10003001100,7,Housing Choice Vouchers,3,NA,DE Delaware New Castle County 001100,10003001100,186,94,182,100,7,24,1.1,196,414,812,17731,16464,1,20,20,26,34,3,1,97,27,97,65,-1,1,57,1,-1,48,46,-1,1,1,99,8,58,53,-1,1,42,1,3,-1,4,0,5,32,16,70,95,5,-1,2,14,22,1,NA,37980,77580,NA,NA,DE,NA,NA,2020-12-31T00:00:00Z,10003001100
Census Tract,DE Delaware,DE Delaware 003 New Castle County 10003001300,7,Housing Choice Vouchers,3,NA,DE Delaware New Castle County 001300,10003001300,1,-4,-4,-4,-4,-4,-4,-4,-4,-4,-4,-4,-4,-4,-4,-4,-4,-4,-4,-4,-4,-4,-4,-4,-4,-4,-4,-4,-4,-4,-4,-4,-4,-4,-4,-4,-4,-4,-4,-4,-4,-4,-4,-4,-4,-4,-4,-4,-4,-4,-4,-4,-4,-4,-4,-4,NA,37980,77580,NA,NA,DE,NA,NA,2020-12-31T00:00:00Z,10003001300
Census Tract,DE Delaware,DE Delaware 003 New Castle County 10003001400,7,Housing Choice Vouchers,3,NA,DE Delaware New Castle County 001400,10003001400,19,94,19,100,8,5,2.6,49,365,812,13452,5216,12,24,18,24,24,37,-1,53,17,100,84,-1,63,95,63,35,50,20,5,42,42,11,-1,84,74,-1,-1,16,-1,11,-1,11,0,58,136,95,139,5,47,47,16,9,45,11,NA,37980,77580,NA,NA,DE,NA,NA,2020-12-31T00:00:00Z,10003001400
Census Tract,DE Delaware,DE Delaware 003 New Castle County 10003001500,7,Housing Choice Vouchers,3,NA,DE Delaware New Castle County 001500,10003001500,43,94,42,100,5,12,2.5,103,375,812,14252,5811,11,26,21,21,21,26,-1,64,18,98,83,-1,48,93,48,15,88,27,7,50,5,38,5,95,90,-1,-1,5,-1,5,-1,5,0,58,141,93,119,38,19,43,12,15,60,3,NA,37980,77580,NA,NA,DE,NA,NA,2020-12-31T00:00:00Z,10003001500
Census Tract,DE Delaware,DE Delaware 003 New Castle County 10003001600,7,Housing Choice Vouchers,3,NA,DE Delaware New Castle County 001600,10003001600,64,94,63,100,7,8,2.7,170,283,812,9733,3607,27,23,29,-1,21,19,3,54,12,100,90,2,59,81,56,30,100,19,-1,67,22,11,-1,95,92,-1,-1,5,2,2,-1,3,0,54,91,90,129,22,30,48,25,34,84,2,NA,37980,77580,NA,NA,DE,NA,NA,2020-12-31T00:00:00Z,10003001600
Census Tract,DE Delaware,DE Delaware 003 New Castle County 10003001902,7,Housing Choice Vouchers,3,NA,DE Delaware New Castle County 001902,10003001902,41,93,40,100,6,8,2.8,113,317,806,12325,4363,21,29,18,9,24,25,3,58,16,95,90,-1,65,98,65,33,100,21,5,60,25,10,-1,100,98,-1,-1,-1,-1,3,-1,3,0,-1,118,98,140,-1,35,65,40,33,81,7,NA,37980,77580,NA,NA,DE,NA,NA,2020-12-31T00:00:00Z,10003001902
Census Tract,DE Delaware,DE Delaware 003 New Castle County 10003002100,7,Housing Choice Vouchers,3,NA,DE Delaware New Castle County 002100,10003002100,58,93,56,100,7,9,2.6,148,352,799,13576,5137,14,34,8,16,28,34,5,50,17,100,84,-1,52,95,52,27,88,18,4,55,27,14,2,98,96,-1,-1,2,-1,-1,2,2,2,38,128,96,142,14,25,61,36,50,95,9,NA,37980,77580,NA,NA,DE,NA,NA,2020-12-31T00:00:00Z,10003002100
Census Tract,DE Delaware,DE Delaware 003 New Castle County 10003002200,7,Housing Choice Vouchers,3,NA,DE Delaware New Castle County 002200,10003002200,67,94,66,100,7,14,3.5,233,341,812,12218,3461,20,20,22,9,29,32,8,44,14,98,88,8,61,94,67,23,100,13,5,77,17,2,-1,97,91,-1,-1,3,-1,5,2,6,0,54,110,100,144,3,20,77,35,43,95,8,NA,37980,77580,NA,NA,DE,NA,NA,2020-12-31T00:00:00Z,10003002200
Census Tract,DE Delaware,DE Delaware 003 New Castle County 10003002300,7,Housing Choice Vouchers,3,NA,DE Delaware New Castle County 002300,10003002300,72,94,71,100,7,10,2.8,202,371,812,13429,4720,17,25,8,19,30,32,3,54,16,100,87,6,58,89,62,31,83,20,-1,66,25,8,-1,93,83,-1,-1,7,3,6,1,10,0,45,113,100,140,14,15,70,35,21,91,11,NA,37980,77580,NA,NA,DE,NA,NA,2020-12-31T00:00:00Z,10003002300
Census Tract,DE Delaware,DE Delaware 003 New Castle County 10003002400,7,Housing Choice Vouchers,3,NA,DE Delaware New Castle County 002400,10003002400,122,93,118,100,6,9,2,236,374,804,13797,6899,10,26,24,14,26,38,1,50,18,99,86,3,38,93,41,31,84,25,9,51,24,16,-1,97,93,-1,-1,3,2,2,1,4,0,56,107,100,121,10,63,27,46,23,57,14,NA,37980,77580,NA,NA,DE,NA,NA,2020-12-31T00:00:00Z,10003002400
Census Tract,DE Delaware,DE Delaware 003 New Castle County 10003002500,7,Housing Choice Vouchers,3,NA,DE Delaware New Castle County 002500,10003002500,62,94,61,100,7,5,2.8,169,457,811,15006,5416,22,15,15,13,35,39,11,38,18,92,79,-1,66,98,66,20,83,13,2,67,21,10,-1,98,87,-1,-1,2,-1,10,2,11,0,56,136,100,144,7,36,57,26,19,53,25,NA,37980,77580,NA,NA,DE,NA,NA,2020-12-31T00:00:00Z,10003002500
Census Tract,DE Delaware,DE Delaware 003 New Castle County 10003002600,7,Housing Choice Vouchers,3,NA,DE Delaware New Castle County 002600,10003002600,192,94,187,100,6,10,2.6,491,334,809,12174,4637,20,25,18,15,22,26,6,56,15,99,90,1,62,95,61,28,58,19,3,63,21,13,-1,97,90,-1,1,3,2,4,1,6,0,49,105,98,133,4,35,60,35,22,81,9,NA,37980,77580,NA,NA,DE,NA,NA,2020-12-31T00:00:00Z,10003002600
Census Tract,DE Delaware,DE Delaware 003 New Castle County 10003002700,7,Housing Choice Vouchers,3,NA,DE Delaware New Castle County 002700,10003002700,89,93,86,100,6,9,2.5,219,303,806,11260,4422,14,38,17,8,23,31,7,44,14,98,88,-1,57,95,55,23,88,17,1,64,26,9,-1,97,87,-1,-1,3,2,5,2,9,0,57,120,100,131,1,49,50,41,33,79,8,NA,37980,77580,NA,NA,DE,NA,NA,2020-12-31T00:00:00Z,10003002700
Census Tract,DE Delaware,DE Delaware 003 New Castle County 10003002800,7,Housing Choice Vouchers,3,NA,DE Delaware New Castle County 002800,10003002800,44,92,42,100,7,10,1.5,64,360,795,13348,8759,3,38,27,11,22,24,-1,64,18,100,79,-1,24,71,24,45,69,34,7,38,24,31,-1,95,86,5,-1,5,2,-1,2,5,0,1,80,86,100,60,33,7,17,24,62,3,NA,37980,77580,NA,NA,DE,NA,NA,2020-12-31T00:00:00Z,10003002800
Census Tract,DE Delaware,DE Delaware 003 New Castle County 10003002900,7,Housing Choice Vouchers,3,NA,DE Delaware New Castle County 002900,10003002900,142,94,173,100,6,14,1.7,288,324,810,12304,7391,23,26,18,10,22,23,12,57,17,97,82,-1,30,50,28,28,63,25,1,38,35,27,1,85,84,-1,-1,15,-1,1,-1,1,0,27,78,80,113,46,32,23,27,47,96,3,NA,37980,77580,NA,NA,DE,NA,NA,2020-12-31T00:00:00Z,10003002900
Census Tract,DE Delaware,DE Delaware 003 New Castle County 10003003002,7,Housing Choice Vouchers,3,NA,DE Delaware New Castle County 003002,10003003002,19,92,18,100,5,11,2.7,49,439,799,16327,5998,-1,39,22,11,28,44,-1,56,20,94,78,6,39,94,44,29,100,12,-1,78,17,6,-1,94,78,-1,-1,6,11,6,-1,17,0,-1,110,100,150,-1,22,78,39,47,83,5,NA,37980,77580,NA,NA,DE,NA,NA,2020-12-31T00:00:00Z,10003003002
Census Tract,DE Delaware,DE Delaware 003 New Castle County 10003010101,7,Housing Choice Vouchers,3,NA,DE Delaware New Castle County 010101,10003010101,38,95,36,99,7,6,3.2,115,369,808,13076,4093,6,38,22,9,25,22,6,61,16,97,92,6,53,89,56,25,58,12,-1,61,6,33,3,81,64,-1,3,19,-1,14,-1,14,0,-1,176,100,182,33,11,56,6,14,63,6,NA,37980,15310,NA,NA,DE,NA,NA,2020-12-31T00:00:00Z,10003010101
Census Tract,DE Delaware,DE Delaware 003 New Castle County 10003010104,7,Housing Choice Vouchers,3,NA,DE Delaware New Castle County 010104,10003010104,24,93,22,99,7,5,1.3,29,387,798,12331,9355,5,40,25,5,25,9,-1,82,18,100,82,-1,14,82,14,58,70,48,5,23,27,45,-1,73,68,-1,-1,27,5,-1,-1,5,0,-1,138,77,104,68,27,5,14,14,46,32,NA,37980,15310,NA,NA,DE,NA,NA,2020-12-31T00:00:00Z,10003010104
Census Tract,DE Delaware,DE Delaware 003 New Castle County 10003010300,7,Housing Choice Vouchers,3,NA,DE Delaware New Castle County 010300,10003010300,18,95,17,99,6,6,2.8,47,442,808,17501,6330,-1,33,7,20,40,53,-1,35,22,94,71,-1,59,94,59,-1,100,9,-1,88,-1,12,-1,94,88,-1,-1,6,6,-1,-1,6,0,16,98,100,152,24,18,59,29,12,36,56,NA,37980,15310,NA,NA,DE,NA,NA,2020-12-31T00:00:00Z,10003010300
Census Tract,DE Delaware,DE Delaware 003 New Castle County 10003010400,7,Housing Choice Vouchers,3,NA,DE Delaware New Castle County 010400,10003010400,12,95,11,99,6,-1,1.6,18,482,808,15012,9174,-1,20,20,30,30,18,-1,73,21,100,91,-1,9,82,9,63,100,61,-1,18,55,27,-1,82,73,-1,-1,18,-1,9,-1,9,0,-1,169,100,99,-1,100,-1,45,5,22,71,NA,37980,99999,NA,NA,DE,NA,NA,2020-12-31T00:00:00Z,10003010400
Census Tract,DE Delaware,DE Delaware 003 New Castle County 10003010502,7,Housing Choice Vouchers,3,NA,DE Delaware New Castle County 010502,10003010502,35,95,33,99,6,-1,1.5,48,356,808,14294,9827,6,35,23,10,26,24,6,64,20,100,79,-1,24,94,24,38,71,33,-1,42,36,21,-1,82,67,-1,-1,18,-1,15,-1,15,0,-1,180,100,120,61,39,-1,9,13,23,51,NA,37980,99999,NA,NA,DE,NA,NA,2020-12-31T00:00:00Z,10003010502
Census Tract,DE Delaware,DE Delaware 003 New Castle County 10003010702,7,Housing Choice Vouchers,3,NA,DE Delaware New Castle County 010702,10003010702,184,94,172,99,6,11,3,523,390,806,14965,4922,13,20,16,19,31,41,5,42,18,98,82,3,65,97,67,20,60,12,5,69,17,9,-1,94,91,-1,-1,6,1,2,1,3,0,26,107,90,182,18,24,58,15,22,47,26,NA,37980,23240,NA,NA,DE,NA,NA,2020-12-31T00:00:00Z,10003010702
Census Tract,DE Delaware,DE Delaware 003 New Castle County 10003010800,7,Housing Choice Vouchers,3,NA,DE Delaware New Castle County 010800,10003010800,2,-4,-4,-4,-4,-4,-4,-4,-4,-4,-4,-4,-4,-4,-4,-4,-4,-4,-4,-4,-4,-4,-4,-4,-4,-4,-4,-4,-4,-4,-4,-4,-4,-4,-4,-4,-4,-4,-4,-4,-4,-4,-4,-4,-4,-4,-4,-4,-4,-4,-4,-4,-4,-4,-4,-4,NA,37980,99999,NA,NA,DE,NA,NA,2020-12-31T00:00:00Z,10003010800
Census Tract,DE Delaware,DE Delaware 003 New Castle County 10003011203,7,Housing Choice Vouchers,3,NA,DE Delaware New Castle County 011203,10003011203,1,-4,-4,-4,-4,-4,-4,-4,-4,-4,-4,-4,-4,-4,-4,-4,-4,-4,-4,-4,-4,-4,-4,-4,-4,-4,-4,-4,-4,-4,-4,-4,-4,-4,-4,-4,-4,-4,-4,-4,-4,-4,-4,-4,-4,-4,-4,-4,-4,-4,-4,-4,-4,-4,-4,-4,NA,37980,99999,NA,NA,DE,NA,NA,2020-12-31T00:00:00Z,10003011203
Census Tract,DE Delaware,DE Delaware 003 New Castle County 10003011500,7,Housing Choice Vouchers,3,NA,DE Delaware New Castle County 011500,10003011500,1,-4,-4,-4,-4,-4,-4,-4,-4,-4,-4,-4,-4,-4,-4,-4,-4,-4,-4,-4,-4,-4,-4,-4,-4,-4,-4,-4,-4,-4,-4,-4,-4,-4,-4,-4,-4,-4,-4,-4,-4,-4,-4,-4,-4,-4,-4,-4,-4,-4,-4,-4,-4,-4,-4,-4,NA,37980,99999,NA,NA,DE,NA,NA,2020-12-31T00:00:00Z,10003011500
Census Tract,DE Delaware,DE Delaware 003 New Castle County 10003011900,7,Housing Choice Vouchers,3,NA,DE Delaware New Castle County 011900,10003011900,2,-4,-4,-4,-4,-4,-4,-4,-4,-4,-4,-4,-4,-4,-4,-4,-4,-4,-4,-4,-4,-4,-4,-4,-4,-4,-4,-4,-4,-4,-4,-4,-4,-4,-4,-4,-4,-4,-4,-4,-4,-4,-4,-4,-4,-4,-4,-4,-4,-4,-4,-4,-4,-4,-4,-4,NA,37980,99999,NA,NA,DE,NA,NA,2020-12-31T00:00:00Z,10003011900
Census Tract,DE Delaware,DE Delaware 003 New Castle County 10003012000,7,Housing Choice Vouchers,3,NA,DE Delaware New Castle County 012000,10003012000,17,95,16,99,8,13,1.9,30,464,808,17354,9256,13,19,19,13,38,38,6,56,23,94,69,6,31,75,38,20,67,20,-1,31,31,38,-1,75,75,-1,-1,25,-1,-1,-1,0,0,1,135,100,145,38,50,13,25,14,33,72,NA,37980,99999,NA,NA,DE,NA,NA,2020-12-31T00:00:00Z,10003012000
Census Tract,DE Delaware,DE Delaware 003 New Castle County 10003012100,7,Housing Choice Vouchers,3,NA,DE Delaware New Castle County 012100,10003012100,2,-4,-4,-4,-4,-4,-4,-4,-4,-4,-4,-4,-4,-4,-4,-4,-4,-4,-4,-4,-4,-4,-4,-4,-4,-4,-4,-4,-4,-4,-4,-4,-4,-4,-4,-4,-4,-4,-4,-4,-4,-4,-4,-4,-4,-4,-4,-4,-4,-4,-4,-4,-4,-4,-4,-4,NA,37980,99999,NA,NA,DE,NA,NA,2020-12-31T00:00:00Z,10003012100
Census Tract,DE Delaware,DE Delaware 003 New Castle County 10003012200,7,Housing Choice Vouchers,3,NA,DE Delaware New Castle County 012200,10003012200,38,92,35,99,8,-1,1.7,58,371,789,14446,8718,11,31,17,17,23,26,6,69,20,97,80,-1,37,66,31,27,78,24,6,40,29,26,-1,71,54,-1,-1,29,-1,17,-1,17,0,-1,140,100,92,49,34,17,23,17,40,62,NA,37980,99999,NA,NA,DE,NA,NA,2020-12-31T00:00:00Z,10003012200
Census Tract,DE Delaware,DE Delaware 003 New Castle County 10003012300,7,Housing Choice Vouchers,3,NA,DE Delaware New Castle County 012300,10003012300,18,93,17,99,7,24,1.5,26,321,795,11755,7686,13,27,33,7,20,29,-1,59,16,100,82,-1,35,94,35,29,33,23,6,41,35,18,-1,100,76,-1,-1,-1,-1,24,-1,24,0,18,156,100,110,12,88,-1,47,25,39,45,NA,37980,24540,NA,NA,DE,NA,NA,2020-12-31T00:00:00Z,10003012300
Census Tract,DE Delaware,DE Delaware 003 New Castle County 10003012400,7,Housing Choice Vouchers,3,NA,DE Delaware New Castle County 012400,10003012400,76,94,71,99,6,20,2.6,185,427,805,15491,5945,5,21,21,21,32,44,-1,44,19,99,83,1,72,92,72,17,50,10,8,65,15,11,1,87,77,-1,-1,13,1,8,-1,10,1,39,80,100,117,10,75,15,17,8,37,45,NA,37980,24540,NA,NA,DE,NA,NA,2020-12-31T00:00:00Z,10003012400
Census Tract,DE Delaware,DE Delaware 003 New Castle County 10003012500,7,Housing Choice Vouchers,3,NA,DE Delaware New Castle County 012500,10003012500,42,95,39,99,6,-1,1.9,74,469,808,16940,8928,5,29,11,24,32,41,3,54,23,90,79,-1,36,79,36,34,90,28,-1,46,28,26,-1,74,62,-1,-1,26,3,10,-1,13,0,-1,124,100,133,33,44,23,23,9,30,57,NA,37980,99999,NA,NA,DE,NA,NA,2020-12-31T00:00:00Z,10003012500
Census Tract,DE Delaware,DE Delaware 003 New Castle County 10003012600,7,Housing Choice Vouchers,3,NA,DE Delaware New Castle County 012600,10003012600,4,-4,-4,-4,-4,-4,-4,-4,-4,-4,-4,-4,-4,-4,-4,-4,-4,-4,-4,-4,-4,-4,-4,-4,-4,-4,-4,-4,-4,-4,-4,-4,-4,-4,-4,-4,-4,-4,-4,-4,-4,-4,-4,-4,-4,-4,-4,-4,-4,-4,-4,-4,-4,-4,-4,-4,NA,37980,99999,NA,NA,DE,NA,NA,2020-12-31T00:00:00Z,10003012600
Census Tract,DE Delaware,DE Delaware 003 New Castle County 10003012700,7,Housing Choice Vouchers,3,NA,DE Delaware New Castle County 012700,10003012700,7,-4,-4,-4,-4,-4,-4,-4,-4,-4,-4,-4,-4,-4,-4,-4,-4,-4,-4,-4,-4,-4,-4,-4,-4,-4,-4,-4,-4,-4,-4,-4,-4,-4,-4,-4,-4,-4,-4,-4,-4,-4,-4,-4,-4,-4,-4,-4,-4,-4,-4,-4,-4,-4,-4,-4,NA,37980,99999,NA,NA,DE,NA,NA,2020-12-31T00:00:00Z,10003012700
Census Tract,DE Delaware,DE Delaware 003 New Castle County 10003012900,7,Housing Choice Vouchers,3,NA,DE Delaware New Castle County 012900,10003012900,125,94,117,99,7,8,1.7,203,360,806,13153,7581,13,28,29,9,22,20,5,65,18,98,84,2,23,66,22,40,40,28,2,37,36,26,-1,83,60,-1,-1,17,2,21,-1,23,0,5,119,98,143,9,74,17,61,20,53,42,NA,37980,51190,NA,NA,DE,NA,NA,2020-12-31T00:00:00Z,10003012900
Census Tract,DE Delaware,DE Delaware 003 New Castle County 10003013100,7,Housing Choice Vouchers,3,NA,DE Delaware New Castle County 013100,10003013100,2,-4,-4,-4,-4,-4,-4,-4,-4,-4,-4,-4,-4,-4,-4,-4,-4,-4,-4,-4,-4,-4,-4,-4,-4,-4,-4,-4,-4,-4,-4,-4,-4,-4,-4,-4,-4,-4,-4,-4,-4,-4,-4,-4,-4,-4,-4,-4,-4,-4,-4,-4,-4,-4,-4,-4,NA,37980,99999,NA,NA,DE,NA,NA,2020-12-31T00:00:00Z,10003013100
Census Tract,DE Delaware,DE Delaware 003 New Castle County 10003013200,7,Housing Choice Vouchers,3,NA,DE Delaware New Castle County 013200,10003013200,58,94,54,99,6,15,1.7,90,382,804,14672,8803,6,31,33,7,22,26,4,70,20,98,83,-1,26,83,26,48,86,38,15,22,37,26,-1,78,59,-1,-1,22,2,17,-1,19,2,14,161,100,116,52,33,15,17,24,36,81,NA,37980,99999,NA,NA,DE,NA,NA,2020-12-31T00:00:00Z,10003013200
Census Tract,DE Delaware,DE Delaware 003 New Castle County 10003013400,7,Housing Choice Vouchers,3,NA,DE Delaware New Castle County 013400,10003013400,14,95,13,99,6,8,1.6,21,332,808,13381,8283,-1,18,36,18,27,15,-1,69,18,100,85,-1,31,100,31,29,67,33,8,23,23,46,-1,85,54,-1,-1,15,-1,31,-1,31,0,-1,123,100,98,38,54,8,15,5,13,90,NA,37980,99999,NA,NA,DE,NA,NA,2020-12-31T00:00:00Z,10003013400
Census Tract,DE Delaware,DE Delaware 003 New Castle County 10003013604,7,Housing Choice Vouchers,3,NA,DE Delaware New Castle County 013604,10003013604,1,-4,-4,-4,-4,-4,-4,-4,-4,-4,-4,-4,-4,-4,-4,-4,-4,-4,-4,-4,-4,-4,-4,-4,-4,-4,-4,-4,-4,-4,-4,-4,-4,-4,-4,-4,-4,-4,-4,-4,-4,-4,-4,-4,-4,-4,-4,-4,-4,-4,-4,-4,-4,-4,-4,-4,NA,37980,99999,NA,NA,DE,NA,NA,2020-12-31T00:00:00Z,10003013604
Census Tract,DE Delaware,DE Delaware 003 New Castle County 10003013607,7,Housing Choice Vouchers,3,NA,DE Delaware New Castle County 013607,10003013607,3,-4,-4,-4,-4,-4,-4,-4,-4,-4,-4,-4,-4,-4,-4,-4,-4,-4,-4,-4,-4,-4,-4,-4,-4,-4,-4,-4,-4,-4,-4,-4,-4,-4,-4,-4,-4,-4,-4,-4,-4,-4,-4,-4,-4,-4,-4,-4,-4,-4,-4,-4,-4,-4,-4,-4,NA,37980,56500,NA,NA,DE,NA,NA,2020-12-31T00:00:00Z,10003013607
Census Tract,DE Delaware,DE Delaware 003 New Castle County 10003013608,7,Housing Choice Vouchers,3,NA,DE Delaware New Castle County 013608,10003013608,5,-4,-4,-4,-4,-4,-4,-4,-4,-4,-4,-4,-4,-4,-4,-4,-4,-4,-4,-4,-4,-4,-4,-4,-4,-4,-4,-4,-4,-4,-4,-4,-4,-4,-4,-4,-4,-4,-4,-4,-4,-4,-4,-4,-4,-4,-4,-4,-4,-4,-4,-4,-4,-4,-4,-4,NA,37980,99999,NA,NA,DE,NA,NA,2020-12-31T00:00:00Z,10003013608
Census Tract,DE Delaware,DE Delaware 003 New Castle County 10003013611,7,Housing Choice Vouchers,3,NA,DE Delaware New Castle County 013611,10003013611,69,94,64,99,6,6,1.8,118,413,804,12848,6968,9,30,17,17,26,25,3,55,17,98,83,-1,44,83,42,27,56,19,2,61,23,14,-1,80,77,-1,-1,20,-1,3,-1,3,0,8,98,100,128,47,53,-1,9,15,22,47,NA,37980,56500,NA,NA,DE,NA,NA,2020-12-31T00:00:00Z,10003013611
Census Tract,DE Delaware,DE Delaware 003 New Castle County 10003013612,7,Housing Choice Vouchers,3,NA,DE Delaware New Castle County 013612,10003013612,5,-4,-4,-4,-4,-4,-4,-4,-4,-4,-4,-4,-4,-4,-4,-4,-4,-4,-4,-4,-4,-4,-4,-4,-4,-4,-4,-4,-4,-4,-4,-4,-4,-4,-4,-4,-4,-4,-4,-4,-4,-4,-4,-4,-4,-4,-4,-4,-4,-4,-4,-4,-4,-4,-4,-4,NA,37980,56490,NA,NA,DE,NA,NA,2020-12-31T00:00:00Z,10003013612
Census Tract,DE Delaware,DE Delaware 003 New Castle County 10003013614,7,Housing Choice Vouchers,3,NA,DE Delaware New Castle County 013614,10003013614,17,93,16,99,7,6,1.6,26,342,794,13096,8059,-1,27,33,27,13,31,-1,63,19,100,94,6,25,81,31,42,100,35,13,38,25,25,-1,69,63,-1,-1,31,-1,6,-1,6,0,-1,110,100,102,63,31,6,6,14,39,44,NA,37980,99999,NA,NA,DE,NA,NA,2020-12-31T00:00:00Z,10003013614
Census Tract,DE Delaware,DE Delaware 003 New Castle County 10003013615,7,Housing Choice Vouchers,3,NA,DE Delaware New Castle County 013615,10003013615,1,-4,-4,-4,-4,-4,-4,-4,-4,-4,-4,-4,-4,-4,-4,-4,-4,-4,-4,-4,-4,-4,-4,-4,-4,-4,-4,-4,-4,-4,-4,-4,-4,-4,-4,-4,-4,-4,-4,-4,-4,-4,-4,-4,-4,-4,-4,-4,-4,-4,-4,-4,-4,-4,-4,-4,NA,37980,99999,NA,NA,DE,NA,NA,2020-12-31T00:00:00Z,10003013615
Census Tract,DE Delaware,DE Delaware 003 New Castle County 10003013700,7,Housing Choice Vouchers,3,NA,DE Delaware New Castle County 013700,10003013700,14,95,13,99,7,-1,2.1,27,389,808,12157,5854,9,36,18,27,9,8,-1,69,15,100,92,-1,23,69,15,38,60,33,-1,38,23,38,8,92,92,-1,-1,8,-1,-1,-1,0,0,-1,257,100,130,15,54,31,46,11,45,44,NA,37980,99999,NA,NA,DE,NA,NA,2020-12-31T00:00:00Z,10003013700
Census Tract,DE Delaware,DE Delaware 003 New Castle County 10003013800,7,Housing Choice Vouchers,3,NA,DE Delaware New Castle County 013800,10003013800,2,-4,-4,-4,-4,-4,-4,-4,-4,-4,-4,-4,-4,-4,-4,-4,-4,-4,-4,-4,-4,-4,-4,-4,-4,-4,-4,-4,-4,-4,-4,-4,-4,-4,-4,-4,-4,-4,-4,-4,-4,-4,-4,-4,-4,-4,-4,-4,-4,-4,-4,-4,-4,-4,-4,-4,NA,37980,99999,NA,NA,DE,NA,NA,2020-12-31T00:00:00Z,10003013800
Census Tract,DE Delaware,DE Delaware 003 New Castle County 10003013901,7,Housing Choice Vouchers,3,NA,DE Delaware New Castle County 013901,10003013901,5,-4,-4,-4,-4,-4,-4,-4,-4,-4,-4,-4,-4,-4,-4,-4,-4,-4,-4,-4,-4,-4,-4,-4,-4,-4,-4,-4,-4,-4,-4,-4,-4,-4,-4,-4,-4,-4,-4,-4,-4,-4,-4,-4,-4,-4,-4,-4,-4,-4,-4,-4,-4,-4,-4,-4,NA,37980,99999,NA,NA,DE,NA,NA,2020-12-31T00:00:00Z,10003013901
Census Tract,DE Delaware,DE Delaware 003 New Castle County 10003013903,7,Housing Choice Vouchers,3,NA,DE Delaware New Castle County 013903,10003013903,2,-4,-4,-4,-4,-4,-4,-4,-4,-4,-4,-4,-4,-4,-4,-4,-4,-4,-4,-4,-4,-4,-4,-4,-4,-4,-4,-4,-4,-4,-4,-4,-4,-4,-4,-4,-4,-4,-4,-4,-4,-4,-4,-4,-4,-4,-4,-4,-4,-4,-4,-4,-4,-4,-4,-4,NA,37980,99999,NA,NA,DE,NA,NA,2020-12-31T00:00:00Z,10003013903
Census Tract,DE Delaware,DE Delaware 003 New Castle County 10003013904,7,Housing Choice Vouchers,3,NA,DE Delaware New Castle County 013904,10003013904,6,-4,-4,-4,-4,-4,-4,-4,-4,-4,-4,-4,-4,-4,-4,-4,-4,-4,-4,-4,-4,-4,-4,-4,-4,-4,-4,-4,-4,-4,-4,-4,-4,-4,-4,-4,-4,-4,-4,-4,-4,-4,-4,-4,-4,-4,-4,-4,-4,-4,-4,-4,-4,-4,-4,-4,NA,37980,99999,NA,NA,DE,NA,NA,2020-12-31T00:00:00Z,10003013904
Census Tract,DE Delaware,DE Delaware 003 New Castle County 10003014000,7,Housing Choice Vouchers,3,NA,DE Delaware New Castle County 014000,10003014000,2,-4,-4,-4,-4,-4,-4,-4,-4,-4,-4,-4,-4,-4,-4,-4,-4,-4,-4,-4,-4,-4,-4,-4,-4,-4,-4,-4,-4,-4,-4,-4,-4,-4,-4,-4,-4,-4,-4,-4,-4,-4,-4,-4,-4,-4,-4,-4,-4,-4,-4,-4,-4,-4,-4,-4,NA,37980,99999,NA,NA,DE,NA,NA,2020-12-31T00:00:00Z,10003014000
Census Tract,DE Delaware,DE Delaware 003 New Castle County 10003014100,7,Housing Choice Vouchers,3,NA,DE Delaware New Castle County 014100,10003014100,6,-4,-4,-4,-4,-4,-4,-4,-4,-4,-4,-4,-4,-4,-4,-4,-4,-4,-4,-4,-4,-4,-4,-4,-4,-4,-4,-4,-4,-4,-4,-4,-4,-4,-4,-4,-4,-4,-4,-4,-4,-4,-4,-4,-4,-4,-4,-4,-4,-4,-4,-4,-4,-4,-4,-4,NA,37980,09850,NA,NA,DE,NA,NA,2020-12-31T00:00:00Z,10003014100
Census Tract,DE Delaware,DE Delaware 003 New Castle County 10003014200,7,Housing Choice Vouchers,3,NA,DE Delaware New Castle County 014200,10003014200,2,-4,-4,-4,-4,-4,-4,-4,-4,-4,-4,-4,-4,-4,-4,-4,-4,-4,-4,-4,-4,-4,-4,-4,-4,-4,-4,-4,-4,-4,-4,-4,-4,-4,-4,-4,-4,-4,-4,-4,-4,-4,-4,-4,-4,-4,-4,-4,-4,-4,-4,-4,-4,-4,-4,-4,NA,37980,50670,NA,NA,DE,NA,NA,2020-12-31T00:00:00Z,10003014200
Census Tract,DE Delaware,DE Delaware 003 New Castle County 10003014300,7,Housing Choice Vouchers,3,NA,DE Delaware New Castle County 014300,10003014300,12,-4,-4,-4,-4,-4,-4,-4,-4,-4,-4,-4,-4,-4,-4,-4,-4,-4,-4,-4,-4,-4,-4,-4,-4,-4,-4,-4,-4,-4,-4,-4,-4,-4,-4,-4,-4,-4,-4,-4,-4,-4,-4,-4,-4,-4,-4,-4,-4,-4,-4,-4,-4,-4,-4,-4,NA,37980,50670,NA,NA,DE,NA,NA,2020-12-31T00:00:00Z,10003014300
Census Tract,DE Delaware,DE Delaware 003 New Castle County 10003014402,7,Housing Choice Vouchers,3,NA,DE Delaware New Castle County 014402,10003014402,27,44,11,92,8,-1,1.3,14,384,663,15620,12273,18,-1,27,27,27,9,-1,91,23,100,82,-1,9,64,9,71,75,64,-1,18,45,36,-1,55,45,-1,-1,45,-1,9,-1,9,0,-1,198,100,111,82,9,9,9,33,27,61,NA,37980,50670,NA,NA,DE,NA,NA,2020-12-31T00:00:00Z,10003014402
Census Tract,DE Delaware,DE Delaware 003 New Castle County 10003014403,7,Housing Choice Vouchers,3,NA,DE Delaware New Castle County 014403,10003014403,63,-5,27,-5,-5,-5,-5,-5,-5,-5,-5,-5,-5,-5,-5,-5,-5,-5,-5,-5,-5,-5,-5,-5,-5,-5,-5,-5,-5,-5,-5,-5,-5,-5,-5,-5,-5,-5,-5,-5,-5,-5,-5,-5,-5,-5,-5,-5,-5,-5,-5,-5,-5,-5,-5,-5,NA,37980,50670,NA,NA,DE,NA,NA,2020-12-31T00:00:00Z,10003014403
Census Tract,DE Delaware,DE Delaware 003 New Castle County 10003014501,7,Housing Choice Vouchers,3,NA,DE Delaware New Castle County 014501,10003014501,71,-5,29,-5,-5,-5,-5,-5,-5,-5,-5,-5,-5,-5,-5,-5,-5,-5,-5,-5,-5,-5,-5,-5,-5,-5,-5,-5,-5,-5,-5,-5,-5,-5,-5,-5,-5,-5,-5,-5,-5,-5,-5,-5,-5,-5,-5,-5,-5,-5,-5,-5,-5,-5,-5,-5,NA,37980,50670,NA,NA,DE,NA,NA,2020-12-31T00:00:00Z,10003014501
Census Tract,DE Delaware,DE Delaware 003 New Castle County 10003014502,7,Housing Choice Vouchers,3,NA,DE Delaware New Castle County 014502,10003014502,11,-4,-4,-4,-4,-4,-4,-4,-4,-4,-4,-4,-4,-4,-4,-4,-4,-4,-4,-4,-4,-4,-4,-4,-4,-4,-4,-4,-4,-4,-4,-4,-4,-4,-4,-4,-4,-4,-4,-4,-4,-4,-4,-4,-4,-4,-4,-4,-4,-4,-4,-4,-4,-4,-4,-4,NA,37980,50670,NA,NA,DE,NA,NA,2020-12-31T00:00:00Z,10003014502
Census Tract,DE Delaware,DE Delaware 003 New Castle County 10003014702,7,Housing Choice Vouchers,3,NA,DE Delaware New Castle County 014702,10003014702,8,-4,-4,-4,-4,-4,-4,-4,-4,-4,-4,-4,-4,-4,-4,-4,-4,-4,-4,-4,-4,-4,-4,-4,-4,-4,-4,-4,-4,-4,-4,-4,-4,-4,-4,-4,-4,-4,-4,-4,-4,-4,-4,-4,-4,-4,-4,-4,-4,-4,-4,-4,-4,-4,-4,-4,NA,37980,50670,NA,NA,DE,NA,NA,2020-12-31T00:00:00Z,10003014702
Census Tract,DE Delaware,DE Delaware 003 New Castle County 10003014703,7,Housing Choice Vouchers,3,NA,DE Delaware New Castle County 014703,10003014703,9,-4,-4,-4,-4,-4,-4,-4,-4,-4,-4,-4,-4,-4,-4,-4,-4,-4,-4,-4,-4,-4,-4,-4,-4,-4,-4,-4,-4,-4,-4,-4,-4,-4,-4,-4,-4,-4,-4,-4,-4,-4,-4,-4,-4,-4,-4,-4,-4,-4,-4,-4,-4,-4,-4,-4,NA,37980,09850,NA,NA,DE,NA,NA,2020-12-31T00:00:00Z,10003014703
Census Tract,DE Delaware,DE Delaware 003 New Castle County 10003014705,7,Housing Choice Vouchers,3,NA,DE Delaware New Castle County 014705,10003014705,4,-4,-4,-4,-4,-4,-4,-4,-4,-4,-4,-4,-4,-4,-4,-4,-4,-4,-4,-4,-4,-4,-4,-4,-4,-4,-4,-4,-4,-4,-4,-4,-4,-4,-4,-4,-4,-4,-4,-4,-4,-4,-4,-4,-4,-4,-4,-4,-4,-4,-4,-4,-4,-4,-4,-4,NA,37980,09850,NA,NA,DE,NA,NA,2020-12-31T00:00:00Z,10003014705
Census Tract,DE Delaware,DE Delaware 003 New Castle County 10003014706,7,Housing Choice Vouchers,3,NA,DE Delaware New Castle County 014706,10003014706,129,94,120,99,7,7,2.5,295,485,806,16966,6901,5,25,18,17,34,35,1,57,21,95,72,1,54,93,52,17,62,16,5,56,18,22,-1,86,78,-1,1,14,3,5,-1,8,0,12,124,100,145,24,53,23,11,10,56,44,NA,37980,99999,NA,NA,DE,NA,NA,2020-12-31T00:00:00Z,10003014706
Census Tract,DE Delaware,DE Delaware 003 New Castle County 10003014803,7,Housing Choice Vouchers,3,NA,DE Delaware New Castle County 014803,10003014803,15,-4,-4,-4,-4,-4,-4,-4,-4,-4,-4,-4,-4,-4,-4,-4,-4,-4,-4,-4,-4,-4,-4,-4,-4,-4,-4,-4,-4,-4,-4,-4,-4,-4,-4,-4,-4,-4,-4,-4,-4,-4,-4,-4,-4,-4,-4,-4,-4,-4,-4,-4,-4,-4,-4,-4,NA,37980,50670,NA,NA,DE,NA,NA,2020-12-31T00:00:00Z,10003014803
Census Tract,DE Delaware,DE Delaware 003 New Castle County 10003014805,7,Housing Choice Vouchers,3,NA,DE Delaware New Castle County 014805,10003014805,1,-4,-4,-4,-4,-4,-4,-4,-4,-4,-4,-4,-4,-4,-4,-4,-4,-4,-4,-4,-4,-4,-4,-4,-4,-4,-4,-4,-4,-4,-4,-4,-4,-4,-4,-4,-4,-4,-4,-4,-4,-4,-4,-4,-4,-4,-4,-4,-4,-4,-4,-4,-4,-4,-4,-4,NA,37980,99999,NA,NA,DE,NA,NA,2020-12-31T00:00:00Z,10003014805
Census Tract,DE Delaware,DE Delaware 003 New Castle County 10003014807,7,Housing Choice Vouchers,3,NA,DE Delaware New Castle County 014807,10003014807,15,95,14,99,7,-1,3.9,55,425,808,16650,4238,8,38,15,8,31,50,-1,43,17,100,79,-1,86,100,86,17,50,5,-1,79,7,14,-1,86,86,-1,-1,14,-1,-1,-1,0,0,369,143,86,280,7,-1,93,14,3,35,59,NA,37980,99999,NA,NA,DE,NA,NA,2020-12-31T00:00:00Z,10003014807
Census Tract,DE Delaware,DE Delaware 003 New Castle County 10003014808,7,Housing Choice Vouchers,3,NA,DE Delaware New Castle County 014808,10003014808,30,95,28,99,6,4,3.6,102,640,808,24787,6804,4,11,7,21,57,54,-1,46,28,89,57,4,64,100,68,24,100,13,-1,75,14,11,-1,89,86,-1,-1,11,-1,4,-1,4,0,17,149,100,252,4,7,89,18,5,43,39,NA,37980,04130,NA,NA,DE,NA,NA,2020-12-31T00:00:00Z,10003014808
Census Tract,DE Delaware,DE Delaware 003 New Castle County 10003014809,7,Housing Choice Vouchers,3,NA,DE Delaware New Castle County 014809,10003014809,6,-4,-4,-4,-4,-4,-4,-4,-4,-4,-4,-4,-4,-4,-4,-4,-4,-4,-4,-4,-4,-4,-4,-4,-4,-4,-4,-4,-4,-4,-4,-4,-4,-4,-4,-4,-4,-4,-4,-4,-4,-4,-4,-4,-4,-4,-4,-4,-4,-4,-4,-4,-4,-4,-4,-4,NA,37980,99999,NA,NA,DE,NA,NA,2020-12-31T00:00:00Z,10003014809
Census Tract,DE Delaware,DE Delaware 003 New Castle County 10003014810,7,Housing Choice Vouchers,3,NA,DE Delaware New Castle County 014810,10003014810,3,-4,-4,-4,-4,-4,-4,-4,-4,-4,-4,-4,-4,-4,-4,-4,-4,-4,-4,-4,-4,-4,-4,-4,-4,-4,-4,-4,-4,-4,-4,-4,-4,-4,-4,-4,-4,-4,-4,-4,-4,-4,-4,-4,-4,-4,-4,-4,-4,-4,-4,-4,-4,-4,-4,-4,NA,37980,99999,NA,NA,DE,NA,NA,2020-12-31T00:00:00Z,10003014810
Census Tract,DE Delaware,DE Delaware 003 New Castle County 10003014903,7,Housing Choice Vouchers,3,NA,DE Delaware New Castle County 014903,10003014903,135,95,126,99,6,2,3.5,442,491,808,18929,5396,9,16,19,12,44,52,2,40,21,94,75,4,75,96,79,17,50,8,2,77,13,8,-1,98,92,-1,-1,2,-1,6,-1,6,2,27,123,100,222,6,24,71,21,21,70,26,NA,37980,04130,NA,NA,DE,NA,NA,2020-12-31T00:00:00Z,10003014903
Census Tract,DE Delaware,DE Delaware 003 New Castle County 10003014904,7,Housing Choice Vouchers,3,NA,DE Delaware New Castle County 014904,10003014904,9,-4,-4,-4,-4,-4,-4,-4,-4,-4,-4,-4,-4,-4,-4,-4,-4,-4,-4,-4,-4,-4,-4,-4,-4,-4,-4,-4,-4,-4,-4,-4,-4,-4,-4,-4,-4,-4,-4,-4,-4,-4,-4,-4,-4,-4,-4,-4,-4,-4,-4,-4,-4,-4,-4,-4,NA,37980,99999,NA,NA,DE,NA,NA,2020-12-31T00:00:00Z,10003014904
Census Tract,DE Delaware,DE Delaware 003 New Castle County 10003014906,7,Housing Choice Vouchers,3,NA,DE Delaware New Castle County 014906,10003014906,20,95,19,99,6,-1,2.6,49,648,808,23427,9084,-1,26,5,16,53,37,-1,63,28,84,68,-1,47,89,47,29,100,20,-1,58,32,11,-1,100,95,-1,-1,-1,-1,5,-1,5,0,-1,134,95,254,11,47,42,26,16,67,33,NA,37980,99999,NA,NA,DE,NA,NA,2020-12-31T00:00:00Z,10003014906
Census Tract,DE Delaware,DE Delaware 003 New Castle County 10003014907,7,Housing Choice Vouchers,3,NA,DE Delaware New Castle County 014907,10003014907,27,95,25,99,5,8,3.1,77,610,808,21929,7120,4,9,17,9,61,52,-1,40,26,96,64,-1,76,100,76,14,33,13,-1,88,-1,12,-1,88,88,-1,-1,12,-1,-1,-1,0,4,35,131,100,241,12,40,48,16,9,58,28,NA,37980,99999,NA,NA,DE,NA,NA,2020-12-31T00:00:00Z,10003014907
Census Tract,DE Delaware,DE Delaware 003 New Castle County 10003014908,7,Housing Choice Vouchers,3,NA,DE Delaware New Castle County 014908,10003014908,113,94,105,99,6,7,2.1,221,373,806,14256,6773,8,32,25,14,21,31,1,63,19,96,87,-1,40,95,39,30,71,22,2,55,23,20,2,89,78,1,-1,11,1,9,-1,10,1,17,122,96,152,-1,83,17,43,12,75,2,NA,37980,99999,NA,NA,DE,NA,NA,2020-12-31T00:00:00Z,10003014908
Census Tract,DE Delaware,DE Delaware 003 New Castle County 10003014909,7,Housing Choice Vouchers,3,NA,DE Delaware New Castle County 014909,10003014909,75,95,70,99,6,1,2.8,199,469,808,17357,6106,6,18,26,18,32,39,-1,56,20,97,83,4,53,90,54,27,73,18,-1,63,21,16,3,94,81,-1,-1,6,-1,13,-1,13,0,33,137,100,183,10,53,37,26,20,66,34,NA,37980,99999,NA,NA,DE,NA,NA,2020-12-31T00:00:00Z,10003014909
Census Tract,DE Delaware,DE Delaware 003 New Castle County 10003015000,7,Housing Choice Vouchers,3,NA,DE Delaware New Castle County 015000,10003015000,5,-4,-4,-4,-4,-4,-4,-4,-4,-4,-4,-4,-4,-4,-4,-4,-4,-4,-4,-4,-4,-4,-4,-4,-4,-4,-4,-4,-4,-4,-4,-4,-4,-4,-4,-4,-4,-4,-4,-4,-4,-4,-4,-4,-4,-4,-4,-4,-4,-4,-4,-4,-4,-4,-4,-4,NA,37980,99999,NA,NA,DE,NA,NA,2020-12-31T00:00:00Z,10003015000
Census Tract,DE Delaware,DE Delaware 003 New Castle County 10003015100,7,Housing Choice Vouchers,3,NA,DE Delaware New Castle County 015100,10003015100,14,95,13,99,6,-1,2.2,28,327,808,13059,6063,8,38,23,15,15,8,8,85,17,100,92,-1,31,85,31,50,57,29,-1,23,23,54,-1,85,85,-1,-1,15,-1,-1,-1,0,0,-1,221,100,117,69,-1,31,8,4,29,83,NA,37980,77840,NA,NA,DE,NA,NA,2020-12-31T00:00:00Z,10003015100
Census Tract,DE Delaware,DE Delaware 003 New Castle County 10003015200,7,Housing Choice Vouchers,3,NA,DE Delaware New Castle County 015200,10003015200,24,95,22,99,8,5,2.6,57,576,808,17983,6941,-1,25,20,20,35,45,-1,45,22,100,77,5,50,100,55,37,33,21,-1,59,27,14,-1,95,77,-1,-1,5,-1,18,-1,18,0,12,129,95,177,23,27,50,27,13,47,81,NA,37980,77840,NA,NA,DE,NA,NA,2020-12-31T00:00:00Z,10003015200
Census Tract,DE Delaware,DE Delaware 003 New Castle County 10003015400,7,Housing Choice Vouchers,3,NA,DE Delaware New Castle County 015400,10003015400,69,95,65,99,6,2,2.8,183,477,808,16720,5939,8,23,18,20,30,35,8,49,20,95,82,2,55,95,57,15,64,11,-1,65,18,17,-1,98,92,-1,-1,2,2,3,2,6,0,21,142,97,216,6,23,71,40,25,95,55,NA,37980,99999,NA,NA,DE,NA,NA,2020-12-31T00:00:00Z,10003015400
Census Tract,DE Delaware,DE Delaware 003 New Castle County 10003015502,7,Housing Choice Vouchers,3,NA,DE Delaware New Castle County 015502,10003015502,66,95,62,99,6,5,3.2,199,441,808,16603,5173,16,26,11,11,37,37,3,52,20,92,81,2,63,95,63,13,83,10,3,68,19,10,-1,92,89,2,-1,8,-1,2,-1,2,0,18,116,98,233,5,15,81,29,25,73,58,NA,37980,99999,NA,NA,DE,NA,NA,2020-12-31T00:00:00Z,10003015502
Census Tract,DE Delaware,DE Delaware 003 New Castle County 10003015600,7,Housing Choice Vouchers,3,NA,DE Delaware New Castle County 015600,10003015600,19,95,18,99,7,6,2.4,44,555,808,23154,9472,-1,11,28,11,50,28,-1,72,29,89,56,-1,33,78,28,46,100,36,-1,22,50,28,-1,89,78,-1,-1,11,-1,11,-1,11,0,-1,200,89,205,17,22,61,22,18,73,94,NA,37980,99999,NA,NA,DE,NA,NA,2020-12-31T00:00:00Z,10003015600
Census Tract,DE Delaware,DE Delaware 003 New Castle County 10003015802,7,Housing Choice Vouchers,3,NA,DE Delaware New Castle County 015802,10003015802,20,95,19,99,7,-1,3.6,68,563,808,18430,5150,-1,24,6,29,41,32,-1,58,21,100,74,-1,74,95,74,32,-1,15,-1,89,11,-1,-1,89,84,-1,-1,11,-1,5,-1,5,0,-1,141,100,248,-1,11,89,21,22,47,93,NA,37980,50800,NA,NA,DE,NA,NA,2020-12-31T00:00:00Z,10003015802
Census Tract,DE Delaware,DE Delaware 003 New Castle County 10003015900,7,Housing Choice Vouchers,3,NA,DE Delaware New Castle County 015900,10003015900,11,-4,-4,-4,-4,-4,-4,-4,-4,-4,-4,-4,-4,-4,-4,-4,-4,-4,-4,-4,-4,-4,-4,-4,-4,-4,-4,-4,-4,-4,-4,-4,-4,-4,-4,-4,-4,-4,-4,-4,-4,-4,-4,-4,-4,-4,-4,-4,-4,-4,-4,-4,-4,-4,-4,-4,NA,37980,99999,NA,NA,DE,NA,NA,2020-12-31T00:00:00Z,10003015900
Census Tract,DE Delaware,DE Delaware 003 New Castle County 10003016000,7,Housing Choice Vouchers,3,NA,DE Delaware New Castle County 016000,10003016000,17,95,16,99,7,19,2.3,36,447,808,16631,7392,7,27,27,-1,40,38,-1,56,21,94,69,-1,38,88,38,33,100,17,6,44,44,6,-1,75,69,-1,-1,25,-1,6,-1,6,6,16,140,94,148,25,25,50,31,15,68,69,NA,37980,99999,NA,NA,DE,NA,NA,2020-12-31T00:00:00Z,10003016000
Census Tract,DE Delaware,DE Delaware 003 New Castle County 10003016100,7,Housing Choice Vouchers,3,NA,DE Delaware New Castle County 016100,10003016100,4,-4,-4,-4,-4,-4,-4,-4,-4,-4,-4,-4,-4,-4,-4,-4,-4,-4,-4,-4,-4,-4,-4,-4,-4,-4,-4,-4,-4,-4,-4,-4,-4,-4,-4,-4,-4,-4,-4,-4,-4,-4,-4,-4,-4,-4,-4,-4,-4,-4,-4,-4,-4,-4,-4,-4,NA,37980,50800,NA,NA,DE,NA,NA,2020-12-31T00:00:00Z,10003016100
Census Tract,DE Delaware,DE Delaware 003 New Castle County 10003016200,7,Housing Choice Vouchers,3,NA,DE Delaware New Castle County 016200,10003016200,16,95,15,99,6,-1,2.9,44,298,808,10070,3433,21,21,36,7,14,20,7,67,12,100,100,-1,60,87,53,23,50,14,-1,60,27,13,-1,93,73,-1,-1,7,-1,20,-1,20,0,-1,118,100,190,40,13,47,13,3,28,39,NA,37980,50800,NA,NA,DE,NA,NA,2020-12-31T00:00:00Z,10003016200
Census Tract,DE Delaware,DE Delaware 003 New Castle County 10003016301,7,Housing Choice Vouchers,3,NA,DE Delaware New Castle County 016301,10003016301,4,-4,-4,-4,-4,-4,-4,-4,-4,-4,-4,-4,-4,-4,-4,-4,-4,-4,-4,-4,-4,-4,-4,-4,-4,-4,-4,-4,-4,-4,-4,-4,-4,-4,-4,-4,-4,-4,-4,-4,-4,-4,-4,-4,-4,-4,-4,-4,-4,-4,-4,-4,-4,-4,-4,-4,NA,37980,04130,NA,NA,DE,NA,NA,2020-12-31T00:00:00Z,10003016301
Census Tract,DE Delaware,DE Delaware 003 New Castle County 10003016302,7,Housing Choice Vouchers,3,NA,DE Delaware New Castle County 016302,10003016302,26,95,24,99,6,4,2.4,57,445,808,16727,7043,13,13,22,22,30,38,-1,58,21,100,79,-1,54,92,54,14,100,14,4,63,21,13,-1,83,75,-1,-1,17,-1,8,-1,8,0,-1,126,100,173,21,38,42,29,2,55,82,NA,37980,99999,NA,NA,DE,NA,NA,2020-12-31T00:00:00Z,10003016302
Census Tract,DE Delaware,DE Delaware 003 New Castle County 10003016305,7,Housing Choice Vouchers,3,NA,DE Delaware New Castle County 016305,10003016305,50,95,47,99,7,13,1.8,83,293,808,12208,6913,9,47,19,9,16,28,4,60,17,96,89,-1,32,77,30,33,75,24,9,53,21,17,-1,83,81,-1,-1,17,-1,2,-1,2,0,23,103,100,69,23,68,9,38,8,68,59,NA,37980,99999,NA,NA,DE,NA,NA,2020-12-31T00:00:00Z,10003016305
Census Tract,DE Delaware,DE Delaware 003 New Castle County 10003016404,7,Housing Choice Vouchers,3,NA,DE Delaware New Castle County 016404,10003016404,1,-4,-4,-4,-4,-4,-4,-4,-4,-4,-4,-4,-4,-4,-4,-4,-4,-4,-4,-4,-4,-4,-4,-4,-4,-4,-4,-4,-4,-4,-4,-4,-4,-4,-4,-4,-4,-4,-4,-4,-4,-4,-4,-4,-4,-4,-4,-4,-4,-4,-4,-4,-4,-4,-4,-4,NA,37980,99999,NA,NA,DE,NA,NA,2020-12-31T00:00:00Z,10003016404
Census Tract,DE Delaware,DE Delaware 003 New Castle County 10003016601,7,Housing Choice Vouchers,3,NA,DE Delaware New Castle County 016601,10003016601,6,-4,-4,-4,-4,-4,-4,-4,-4,-4,-4,-4,-4,-4,-4,-4,-4,-4,-4,-4,-4,-4,-4,-4,-4,-4,-4,-4,-4,-4,-4,-4,-4,-4,-4,-4,-4,-4,-4,-4,-4,-4,-4,-4,-4,-4,-4,-4,-4,-4,-4,-4,-4,-4,-4,-4,NA,37980,47030,NA,NA,DE,NA,NA,2020-12-31T00:00:00Z,10003016601
Census Tract,DE Delaware,DE Delaware 003 New Castle County 10003016604,7,Housing Choice Vouchers,3,NA,DE Delaware New Castle County 016604,10003016604,61,94,56,99,6,4,2.9,162,461,800,17903,6189,5,24,16,18,36,30,2,66,21,98,80,5,57,93,63,25,58,15,4,63,13,21,-1,84,71,-1,-1,16,-1,11,2,13,0,4,112,96,179,20,34,46,11,9,42,52,NA,37980,47030,NA,NA,DE,NA,NA,2020-12-31T00:00:00Z,10003016604
Census Tract,DE Delaware,DE Delaware 003 New Castle County 10003016801,7,Housing Choice Vouchers,3,NA,DE Delaware New Castle County 016801,10003016801,2,-4,-4,-4,-4,-4,-4,-4,-4,-4,-4,-4,-4,-4,-4,-4,-4,-4,-4,-4,-4,-4,-4,-4,-4,-4,-4,-4,-4,-4,-4,-4,-4,-4,-4,-4,-4,-4,-4,-4,-4,-4,-4,-4,-4,-4,-4,-4,-4,-4,-4,-4,-4,-4,-4,-4,NA,37980,72510,NA,NA,DE,NA,NA,2020-12-31T00:00:00Z,10003016801
Census Tract,DE Delaware,DE Delaware 003 New Castle County 10003016804,7,Housing Choice Vouchers,3,NA,DE Delaware New Castle County 016804,10003016804,1,-4,-4,-4,-4,-4,-4,-4,-4,-4,-4,-4,-4,-4,-4,-4,-4,-4,-4,-4,-4,-4,-4,-4,-4,-4,-4,-4,-4,-4,-4,-4,-4,-4,-4,-4,-4,-4,-4,-4,-4,-4,-4,-4,-4,-4,-4,-4,-4,-4,-4,-4,-4,-4,-4,-4,NA,37980,99999,NA,NA,DE,NA,NA,2020-12-31T00:00:00Z,10003016804
Census Tract,DE Delaware,DE Delaware 003 New Castle County 10003016901,7,Housing Choice Vouchers,3,NA,DE Delaware New Castle County 016901,10003016901,1,-4,-4,-4,-4,-4,-4,-4,-4,-4,-4,-4,-4,-4,-4,-4,-4,-4,-4,-4,-4,-4,-4,-4,-4,-4,-4,-4,-4,-4,-4,-4,-4,-4,-4,-4,-4,-4,-4,-4,-4,-4,-4,-4,-4,-4,-4,-4,-4,-4,-4,-4,-4,-4,-4,-4,NA,37980,67310,NA,NA,DE,NA,NA,2020-12-31T00:00:00Z,10003016901
Census Tract,DE Delaware,DE Delaware 003 New Castle County 10003999999,7,Housing Choice Vouchers,3,NA,DE Delaware New Castle County 999999,10003999999,6,-4,-4,-4,-4,-4,-4,-4,-4,-4,-4,-4,-4,-4,-4,-4,-4,-4,-4,-4,-4,-4,-4,-4,-4,-4,-4,-4,-4,-4,-4,-4,-4,-4,-4,-4,-4,-4,-4,-4,-4,-4,-4,-4,-4,-4,-4,-4,-4,-4,-4,-4,-4,-4,-4,-4,NA,37980,24540,NA,NA,DE,NA,NA,2020-12-31T00:00:00Z,10003999999
Census Tract,DE Delaware,DE Delaware 005 Sussex County 10005050103,7,Housing Choice Vouchers,3,NA,DE Delaware Sussex County 050103,10005050103,4,-4,-4,-4,-4,-4,-4,-4,-4,-4,-4,-4,-4,-4,-4,-4,-4,-4,-4,-4,-4,-4,-4,-4,-4,-4,-4,-4,-4,-4,-4,-4,-4,-4,-4,-4,-4,-4,-4,-4,-4,-4,-4,-4,-4,-4,-4,-4,-4,-4,-4,-4,-4,-4,-4,-4,NA,41540,47420,NA,NA,DE,NA,NA,2020-12-31T00:00:00Z,10005050103
Census Tract,DE Delaware,DE Delaware 005 Sussex County 10005050104,7,Housing Choice Vouchers,3,NA,DE Delaware Sussex County 050104,10005050104,18,74,13,96,6,-1,1.5,20,336,594,13766,8948,-1,25,50,8,17,15,-1,77,24,92,92,-1,31,77,31,78,100,55,8,31,31,31,-1,62,46,-1,-1,38,8,8,-1,15,8,-1,114,85,113,38,62,-1,23,16,34,86,NA,41540,47420,NA,NA,DE,NA,NA,2020-12-31T00:00:00Z,10005050104
Census Tract,DE Delaware,DE Delaware 005 Sussex County 10005050105,7,Housing Choice Vouchers,3,NA,DE Delaware Sussex County 050105,10005050105,6,-4,-4,-4,-4,-4,-4,-4,-4,-4,-4,-4,-4,-4,-4,-4,-4,-4,-4,-4,-4,-4,-4,-4,-4,-4,-4,-4,-4,-4,-4,-4,-4,-4,-4,-4,-4,-4,-4,-4,-4,-4,-4,-4,-4,-4,-4,-4,-4,-4,-4,-4,-4,-4,-4,-4,NA,41540,99999,NA,NA,DE,NA,NA,2020-12-31T00:00:00Z,10005050105
Census Tract,DE Delaware,DE Delaware 005 Sussex County 10005050200,7,Housing Choice Vouchers,3,NA,DE Delaware Sussex County 050200,10005050200,1,-4,-4,-4,-4,-4,-4,-4,-4,-4,-4,-4,-4,-4,-4,-4,-4,-4,-4,-4,-4,-4,-4,-4,-4,-4,-4,-4,-4,-4,-4,-4,-4,-4,-4,-4,-4,-4,-4,-4,-4,-4,-4,-4,-4,-4,-4,-4,-4,-4,-4,-4,-4,-4,-4,-4,NA,41540,99999,NA,NA,DE,NA,NA,2020-12-31T00:00:00Z,10005050200
Census Tract,DE Delaware,DE Delaware 005 Sussex County 10005050301,7,Housing Choice Vouchers,3,NA,DE Delaware Sussex County 050301,10005050301,10,-4,-4,-4,-4,-4,-4,-4,-4,-4,-4,-4,-4,-4,-4,-4,-4,-4,-4,-4,-4,-4,-4,-4,-4,-4,-4,-4,-4,-4,-4,-4,-4,-4,-4,-4,-4,-4,-4,-4,-4,-4,-4,-4,-4,-4,-4,-4,-4,-4,-4,-4,-4,-4,-4,-4,NA,41540,08680,NA,NA,DE,NA,NA,2020-12-31T00:00:00Z,10005050301
Census Tract,DE Delaware,DE Delaware 005 Sussex County 10005050302,7,Housing Choice Vouchers,3,NA,DE Delaware Sussex County 050302,10005050302,1,-4,-4,-4,-4,-4,-4,-4,-4,-4,-4,-4,-4,-4,-4,-4,-4,-4,-4,-4,-4,-4,-4,-4,-4,-4,-4,-4,-4,-4,-4,-4,-4,-4,-4,-4,-4,-4,-4,-4,-4,-4,-4,-4,-4,-4,-4,-4,-4,-4,-4,-4,-4,-4,-4,-4,NA,41540,99999,NA,NA,DE,NA,NA,2020-12-31T00:00:00Z,10005050302
Census Tract,DE Delaware,DE Delaware 005 Sussex County 10005050401,7,Housing Choice Vouchers,3,NA,DE Delaware Sussex County 050401,10005050401,1,-4,-4,-4,-4,-4,-4,-4,-4,-4,-4,-4,-4,-4,-4,-4,-4,-4,-4,-4,-4,-4,-4,-4,-4,-4,-4,-4,-4,-4,-4,-4,-4,-4,-4,-4,-4,-4,-4,-4,-4,-4,-4,-4,-4,-4,-4,-4,-4,-4,-4,-4,-4,-4,-4,-4,NA,41540,99999,NA,NA,DE,NA,NA,2020-12-31T00:00:00Z,10005050401
Census Tract,DE Delaware,DE Delaware 005 Sussex County 10005050403,7,Housing Choice Vouchers,3,NA,DE Delaware Sussex County 050403,10005050403,1,-4,-4,-4,-4,-4,-4,-4,-4,-4,-4,-4,-4,-4,-4,-4,-4,-4,-4,-4,-4,-4,-4,-4,-4,-4,-4,-4,-4,-4,-4,-4,-4,-4,-4,-4,-4,-4,-4,-4,-4,-4,-4,-4,-4,-4,-4,-4,-4,-4,-4,-4,-4,-4,-4,-4,NA,41540,99999,NA,NA,DE,NA,NA,2020-12-31T00:00:00Z,10005050403
Census Tract,DE Delaware,DE Delaware 005 Sussex County 10005050405,7,Housing Choice Vouchers,3,NA,DE Delaware Sussex County 050405,10005050405,13,-4,-4,-4,-4,-4,-4,-4,-4,-4,-4,-4,-4,-4,-4,-4,-4,-4,-4,-4,-4,-4,-4,-4,-4,-4,-4,-4,-4,-4,-4,-4,-4,-4,-4,-4,-4,-4,-4,-4,-4,-4,-4,-4,-4,-4,-4,-4,-4,-4,-4,-4,-4,-4,-4,-4,NA,41540,64320,NA,NA,DE,NA,NA,2020-12-31T00:00:00Z,10005050405
Census Tract,DE Delaware,DE Delaware 005 Sussex County 10005050406,7,Housing Choice Vouchers,3,NA,DE Delaware Sussex County 050406,10005050406,21,74,15,96,8,7,2,30,359,594,13897,6948,-1,29,21,36,14,13,7,73,24,100,73,-1,33,87,33,46,100,27,27,33,27,13,-1,73,67,-1,-1,27,7,-1,-1,7,0,-1,100,100,122,33,47,20,27,22,52,65,NA,41540,64320,NA,NA,DE,NA,NA,2020-12-31T00:00:00Z,10005050406
Census Tract,DE Delaware,DE Delaware 005 Sussex County 10005050407,7,Housing Choice Vouchers,3,NA,DE Delaware Sussex County 050407,10005050407,3,-4,-4,-4,-4,-4,-4,-4,-4,-4,-4,-4,-4,-4,-4,-4,-4,-4,-4,-4,-4,-4,-4,-4,-4,-4,-4,-4,-4,-4,-4,-4,-4,-4,-4,-4,-4,-4,-4,-4,-4,-4,-4,-4,-4,-4,-4,-4,-4,-4,-4,-4,-4,-4,-4,-4,NA,41540,99999,NA,NA,DE,NA,NA,2020-12-31T00:00:00Z,10005050407
Census Tract,DE Delaware,DE Delaware 005 Sussex County 10005050408,7,Housing Choice Vouchers,3,NA,DE Delaware Sussex County 050408,10005050408,6,-4,-4,-4,-4,-4,-4,-4,-4,-4,-4,-4,-4,-4,-4,-4,-4,-4,-4,-4,-4,-4,-4,-4,-4,-4,-4,-4,-4,-4,-4,-4,-4,-4,-4,-4,-4,-4,-4,-4,-4,-4,-4,-4,-4,-4,-4,-4,-4,-4,-4,-4,-4,-4,-4,-4,NA,41540,99999,NA,NA,DE,NA,NA,2020-12-31T00:00:00Z,10005050408
Census Tract,DE Delaware,DE Delaware 005 Sussex County 10005050501,7,Housing Choice Vouchers,3,NA,DE Delaware Sussex County 050501,10005050501,4,-4,-4,-4,-4,-4,-4,-4,-4,-4,-4,-4,-4,-4,-4,-4,-4,-4,-4,-4,-4,-4,-4,-4,-4,-4,-4,-4,-4,-4,-4,-4,-4,-4,-4,-4,-4,-4,-4,-4,-4,-4,-4,-4,-4,-4,-4,-4,-4,-4,-4,-4,-4,-4,-4,-4,NA,41540,29090,NA,NA,DE,NA,NA,2020-12-31T00:00:00Z,10005050501
Census Tract,DE Delaware,DE Delaware 005 Sussex County 10005050503,7,Housing Choice Vouchers,3,NA,DE Delaware Sussex County 050503,10005050503,24,74,17,96,6,-1,1.1,19,312,594,12982,11615,6,12,53,24,6,-1,6,94,24,100,82,-1,-1,71,-1,54,100,68,47,12,24,18,-1,41,41,-1,-1,59,-1,-1,-1,0,0,-1,126,100,85,88,12,-1,-1,25,70,49,NA,41540,29090,NA,NA,DE,NA,NA,2020-12-31T00:00:00Z,10005050503
Census Tract,DE Delaware,DE Delaware 005 Sussex County 10005050602,7,Housing Choice Vouchers,3,NA,DE Delaware Sussex County 050602,10005050602,40,74,28,96,8,32,1.8,50,346,594,13825,7742,4,22,37,19,19,21,-1,75,24,96,71,4,29,79,29,52,43,28,18,36,21,25,-1,46,46,-1,-1,54,-1,-1,-1,0,0,-1,49,100,129,14,61,25,43,19,32,41,NA,41540,47940,NA,NA,DE,NA,NA,2020-12-31T00:00:00Z,10005050602
Census Tract,DE Delaware,DE Delaware 005 Sussex County 10005050704,7,Housing Choice Vouchers,3,NA,DE Delaware Sussex County 050704,10005050704,18,74,13,96,6,-1,1.6,21,283,594,12378,7662,-1,54,23,15,8,8,-1,92,22,100,77,-1,15,62,23,92,100,57,23,31,38,8,-1,15,15,-1,-1,85,-1,-1,-1,0,0,-1,115,100,104,-1,77,23,62,10,16,34,NA,41540,43245,NA,NA,DE,NA,NA,2020-12-31T00:00:00Z,10005050704
Census Tract,DE Delaware,DE Delaware 005 Sussex County 10005050801,7,Housing Choice Vouchers,3,NA,DE Delaware Sussex County 050801,10005050801,16,74,11,96,5,-1,1.5,16,344,594,15887,10922,-1,30,10,30,30,9,-1,82,28,100,45,-1,18,91,18,10,100,13,64,18,9,9,-1,27,27,-1,-1,73,-1,-1,-1,0,0,-1,91,100,94,55,36,9,18,9,25,74,NA,41540,48330,NA,NA,DE,NA,NA,2020-12-31T00:00:00Z,10005050801
Census Tract,DE Delaware,DE Delaware 005 Sussex County 10005050802,7,Housing Choice Vouchers,3,NA,DE Delaware Sussex County 050802,10005050802,3,-4,-4,-4,-4,-4,-4,-4,-4,-4,-4,-4,-4,-4,-4,-4,-4,-4,-4,-4,-4,-4,-4,-4,-4,-4,-4,-4,-4,-4,-4,-4,-4,-4,-4,-4,-4,-4,-4,-4,-4,-4,-4,-4,-4,-4,-4,-4,-4,-4,-4,-4,-4,-4,-4,-4,NA,41540,99999,NA,NA,DE,NA,NA,2020-12-31T00:00:00Z,10005050802
Census Tract,DE Delaware,DE Delaware 005 Sussex County 10005050803,7,Housing Choice Vouchers,3,NA,DE Delaware Sussex County 050803,10005050803,3,-4,-4,-4,-4,-4,-4,-4,-4,-4,-4,-4,-4,-4,-4,-4,-4,-4,-4,-4,-4,-4,-4,-4,-4,-4,-4,-4,-4,-4,-4,-4,-4,-4,-4,-4,-4,-4,-4,-4,-4,-4,-4,-4,-4,-4,-4,-4,-4,-4,-4,-4,-4,-4,-4,-4,NA,41540,XXXXX,NA,NA,DE,NA,NA,2020-12-31T00:00:00Z,10005050803
Census Tract,DE Delaware,DE Delaware 005 Sussex County 10005050901,7,Housing Choice Vouchers,3,NA,DE Delaware Sussex County 050901,10005050901,1,-4,-4,-4,-4,-4,-4,-4,-4,-4,-4,-4,-4,-4,-4,-4,-4,-4,-4,-4,-4,-4,-4,-4,-4,-4,-4,-4,-4,-4,-4,-4,-4,-4,-4,-4,-4,-4,-4,-4,-4,-4,-4,-4,-4,-4,-4,-4,-4,-4,-4,-4,-4,-4,-4,-4,NA,41540,99999,NA,NA,DE,NA,NA,2020-12-31T00:00:00Z,10005050901
Census Tract,DE Delaware,DE Delaware 005 Sussex County 10005050902,7,Housing Choice Vouchers,3,NA,DE Delaware Sussex County 050902,10005050902,38,74,27,96,7,-1,1.1,30,336,594,14680,13212,-1,26,37,15,22,-1,-1,100,27,100,67,-1,-1,70,-1,55,100,57,56,11,15,19,-1,7,7,-1,-1,93,-1,-1,-1,0,0,-1,110,100,91,4,96,-1,85,4,12,63,NA,41540,41830,NA,NA,DE,NA,NA,2020-12-31T00:00:00Z,10005050902
Census Tract,DE Delaware,DE Delaware 005 Sussex County 10005051003,7,Housing Choice Vouchers,3,NA,DE Delaware Sussex County 051003,10005051003,7,-4,-4,-4,-4,-4,-4,-4,-4,-4,-4,-4,-4,-4,-4,-4,-4,-4,-4,-4,-4,-4,-4,-4,-4,-4,-4,-4,-4,-4,-4,-4,-4,-4,-4,-4,-4,-4,-4,-4,-4,-4,-4,-4,-4,-4,-4,-4,-4,-4,-4,-4,-4,-4,-4,-4,NA,41540,99999,NA,NA,DE,NA,NA,2020-12-31T00:00:00Z,10005051003
Census Tract,DE Delaware,DE Delaware 005 Sussex County 10005051004,7,Housing Choice Vouchers,3,NA,DE Delaware Sussex County 051004,10005051004,6,-4,-4,-4,-4,-4,-4,-4,-4,-4,-4,-4,-4,-4,-4,-4,-4,-4,-4,-4,-4,-4,-4,-4,-4,-4,-4,-4,-4,-4,-4,-4,-4,-4,-4,-4,-4,-4,-4,-4,-4,-4,-4,-4,-4,-4,-4,-4,-4,-4,-4,-4,-4,-4,-4,-4,NA,41540,99999,NA,NA,DE,NA,NA,2020-12-31T00:00:00Z,10005051004
Census Tract,DE Delaware,DE Delaware 005 Sussex County 10005051005,7,Housing Choice Vouchers,3,NA,DE Delaware Sussex County 051005,10005051005,1,-4,-4,-4,-4,-4,-4,-4,-4,-4,-4,-4,-4,-4,-4,-4,-4,-4,-4,-4,-4,-4,-4,-4,-4,-4,-4,-4,-4,-4,-4,-4,-4,-4,-4,-4,-4,-4,-4,-4,-4,-4,-4,-4,-4,-4,-4,-4,-4,-4,-4,-4,-4,-4,-4,-4,NA,41540,99999,NA,NA,DE,NA,NA,2020-12-31T00:00:00Z,10005051005
Census Tract,DE Delaware,DE Delaware 005 Sussex County 10005051301,7,Housing Choice Vouchers,3,NA,DE Delaware Sussex County 051301,10005051301,1,-4,-4,-4,-4,-4,-4,-4,-4,-4,-4,-4,-4,-4,-4,-4,-4,-4,-4,-4,-4,-4,-4,-4,-4,-4,-4,-4,-4,-4,-4,-4,-4,-4,-4,-4,-4,-4,-4,-4,-4,-4,-4,-4,-4,-4,-4,-4,-4,-4,-4,-4,-4,-4,-4,-4,NA,41540,99999,NA,NA,DE,NA,NA,2020-12-31T00:00:00Z,10005051301
Census Tract,DE Delaware,DE Delaware 005 Sussex County 10005051303,7,Housing Choice Vouchers,3,NA,DE Delaware Sussex County 051303,10005051303,3,-4,-4,-4,-4,-4,-4,-4,-4,-4,-4,-4,-4,-4,-4,-4,-4,-4,-4,-4,-4,-4,-4,-4,-4,-4,-4,-4,-4,-4,-4,-4,-4,-4,-4,-4,-4,-4,-4,-4,-4,-4,-4,-4,-4,-4,-4,-4,-4,-4,-4,-4,-4,-4,-4,-4,NA,41540,99999,NA,NA,DE,NA,NA,2020-12-31T00:00:00Z,10005051303
Census Tract,DE Delaware,DE Delaware 005 Sussex County 10005051400,7,Housing Choice Vouchers,3,NA,DE Delaware Sussex County 051400,10005051400,3,-4,-4,-4,-4,-4,-4,-4,-4,-4,-4,-4,-4,-4,-4,-4,-4,-4,-4,-4,-4,-4,-4,-4,-4,-4,-4,-4,-4,-4,-4,-4,-4,-4,-4,-4,-4,-4,-4,-4,-4,-4,-4,-4,-4,-4,-4,-4,-4,-4,-4,-4,-4,-4,-4,-4,NA,41540,64840,NA,NA,DE,NA,NA,2020-12-31T00:00:00Z,10005051400
Census Tract,DE Delaware,DE Delaware 005 Sussex County 10005051500,7,Housing Choice Vouchers,3,NA,DE Delaware Sussex County 051500,10005051500,1,-4,-4,-4,-4,-4,-4,-4,-4,-4,-4,-4,-4,-4,-4,-4,-4,-4,-4,-4,-4,-4,-4,-4,-4,-4,-4,-4,-4,-4,-4,-4,-4,-4,-4,-4,-4,-4,-4,-4,-4,-4,-4,-4,-4,-4,-4,-4,-4,-4,-4,-4,-4,-4,-4,-4,NA,41540,99999,NA,NA,DE,NA,NA,2020-12-31T00:00:00Z,10005051500
Census Tract,DE Delaware,DE Delaware 005 Sussex County 10005051801,7,Housing Choice Vouchers,3,NA,DE Delaware Sussex County 051801,10005051801,1,-4,-4,-4,-4,-4,-4,-4,-4,-4,-4,-4,-4,-4,-4,-4,-4,-4,-4,-4,-4,-4,-4,-4,-4,-4,-4,-4,-4,-4,-4,-4,-4,-4,-4,-4,-4,-4,-4,-4,-4,-4,-4,-4,-4,-4,-4,-4,-4,-4,-4,-4,-4,-4,-4,-4,NA,41540,41310,NA,NA,DE,NA,NA,2020-12-31T00:00:00Z,10005051801
Census Tract,DE Delaware,DE Delaware 005 Sussex County 10005051802,7,Housing Choice Vouchers,3,NA,DE Delaware Sussex County 051802,10005051802,20,74,14,96,5,21,3.3,46,500,594,21081,6416,-1,7,14,29,50,64,-1,36,31,93,43,-1,64,93,64,27,33,13,-1,57,21,21,-1,50,50,-1,-1,50,-1,-1,-1,0,0,-1,64,100,140,-1,36,64,21,21,42,67,NA,41540,41310,NA,NA,DE,NA,NA,2020-12-31T00:00:00Z,10005051802
Census Tract,DE Delaware,DE Delaware 005 Sussex County 10005051900,7,Housing Choice Vouchers,3,NA,DE Delaware Sussex County 051900,10005051900,13,-4,-4,-4,-4,-4,-4,-4,-4,-4,-4,-4,-4,-4,-4,-4,-4,-4,-4,-4,-4,-4,-4,-4,-4,-4,-4,-4,-4,-4,-4,-4,-4,-4,-4,-4,-4,-4,-4,-4,-4,-4,-4,-4,-4,-4,-4,-4,-4,-4,-4,-4,-4,-4,-4,-4,NA,41540,20380,NA,NA,DE,NA,NA,2020-12-31T00:00:00Z,10005051900
Census Tract,DE Delaware,DE Delaware 005 Sussex County 10005999999,7,Housing Choice Vouchers,3,NA,DE Delaware Sussex County 999999,10005999999,17,74,12,96,6,8,1.7,20,337,594,13714,8228,9,45,9,9,27,8,8,75,24,92,67,8,8,83,17,78,67,50,33,8,33,25,-1,58,58,-1,-1,42,-1,-1,-1,0,0,-1,158,92,118,25,42,33,42,13,36,68,NA,41540,99999,NA,NA,DE,NA,NA,2020-12-31T00:00:00Z,10005999999
