"","GEOID","NAME","med_rentE","med_rentM","no_bedE","no_bedM","one_bedE","one_bedM","med_rent_percE","med_rent_percM","two_bedE","two_bedM","three_bedE","three_bedM","four_bedE","four_bedM","five_bedE","five_bedM"
"1","10001042000","Census Tract 420, Kent County, Delaware",838,55,NA,NA,NA,NA,18.1,2.7,NA,NA,895,836,NA,NA,NA,NA
"2","10001042900","Census Tract 429, Kent County, Delaware",1132,156,NA,NA,NA,NA,26,4.4,1085,526,1175,202,NA,NA,NA,NA
"3","10001040700","Census Tract 407, Kent County, Delaware",807,271,NA,NA,768,335,45.5,13,515,102,1454,225,NA,NA,NA,NA
"4","10001041400","Census Tract 414, Kent County, Delaware",1022,66,322,210,953,46,35.6,3.8,1056,71,1082,331,1090,424,NA,NA
"5","10001041500","Census Tract 415, Kent County, Delaware",948,74,NA,NA,666,184,33.5,5.4,792,55,1423,117,1677,127,1773,256
"6","10001041801","Census Tract 418.01, Kent County, Delaware",1120,52,NA,NA,921,65,34.4,9.2,1076,39,1193,175,1174,139,NA,NA
"7","10001041802","Census Tract 418.02, Kent County, Delaware",1408,120,NA,NA,NA,NA,22.1,9.9,1376,51,1540,204,1154,58,NA,NA
"8","10001040100","Census Tract 401, Kent County, Delaware",1123,182,NA,NA,NA,NA,33,5.4,965,215,1326,118,NA,NA,NA,NA
"9","10001041100","Census Tract 411, Kent County, Delaware",1568,80,NA,NA,NA,NA,40.8,4.5,1300,115,1519,97,1792,69,NA,NA
"10","10001041200","Census Tract 412, Kent County, Delaware",1121,117,NA,NA,894,194,29.3,4.8,772,298,1190,105,1830,184,NA,NA
"11","10001041900","Census Tract 419, Kent County, Delaware",1014,325,NA,NA,NA,NA,24.7,12.2,1038,673,897,604,NA,NA,NA,NA
"12","10001042201","Census Tract 422.01, Kent County, Delaware",1108,156,NA,NA,NA,NA,33.1,8.4,971,220,1107,169,1380,117,NA,NA
"13","10001042500","Census Tract 425, Kent County, Delaware",959,38,NA,NA,397,243,28.2,4.1,960,49,1060,105,NA,NA,NA,NA
"14","10001041000","Census Tract 410, Kent County, Delaware",1055,71,NA,NA,810,210,32.3,6.1,1064,77,1416,231,1698,297,NA,NA
"15","10003001600","Census Tract 16, New Castle County, Delaware",912,64,NA,NA,705,121,30.2,6.8,974,48,1042,233,NA,NA,NA,NA
"16","10003002300","Census Tract 23, New Castle County, Delaware",1013,131,NA,NA,982,115,34,9.8,885,97,1072,176,1253,181,NA,NA
"17","10003012000","Census Tract 120, New Castle County, Delaware",994,95,NA,NA,941,20,24.3,7.8,971,65,1699,99,NA,NA,NA,NA
"18","10003012200","Census Tract 122, New Castle County, Delaware",1046,105,NA,NA,779,54,25.9,9,1009,81,1239,210,NA,NA,NA,NA
"19","10003012900","Census Tract 129, New Castle County, Delaware",943,72,NA,NA,858,41,33.7,2.3,990,88,1125,503,1542,483,NA,NA
"20","10003013200","Census Tract 132, New Castle County, Delaware",885,276,NA,NA,NA,NA,34.8,19.7,836,71,NA,NA,NA,NA,NA,NA
"21","10003013604","Census Tract 136.04, New Castle County, Delaware",1151,136,NA,NA,NA,NA,30.7,13,1160,61,NA,NA,NA,NA,NA,NA
"22","10003014200","Census Tract 142, New Castle County, Delaware",1395,127,NA,NA,NA,NA,19.2,45.6,NA,NA,1591,272,NA,NA,NA,NA
"23","10003014702","Census Tract 147.02, New Castle County, Delaware",1848,302,NA,NA,NA,NA,23.9,22.4,1589,243,2125,223,NA,NA,NA,NA
"24","10003014705","Census Tract 147.05, New Castle County, Delaware",1348,58,1381,61,963,231,28.7,6.8,1346,45,1720,92,1272,181,NA,NA
"25","10003001200","Census Tract 12, New Castle County, Delaware",1498,162,NA,NA,1056,108,19.5,2.6,1612,132,1719,118,NA,NA,NA,NA
"26","10003011400","Census Tract 114, New Castle County, Delaware",1078,937,916,65,3250,2493,44.9,17.3,3469,1395,1659,469,NA,NA,NA,NA
"27","10003012600","Census Tract 126, New Castle County, Delaware",1618,198,NA,NA,822,184,29.2,5.9,717,295,1750,146,NA,NA,NA,NA
"28","10003012700","Census Tract 127, New Castle County, Delaware",1104,117,NA,NA,507,286,34.5,15.9,1131,89,1452,370,NA,NA,NA,NA
"29","10003013608","Census Tract 136.08, New Castle County, Delaware",1059,67,NA,NA,946,12,28.3,19.2,1104,32,NA,NA,1697,150,NA,NA
"30","10003013611","Census Tract 136.11, New Castle County, Delaware",1197,61,NA,NA,1235,121,27.2,2.9,1157,67,NA,NA,NA,NA,NA,NA
"31","10003001100","Census Tract 11, New Castle County, Delaware",1095,52,536,19,1022,62,27,2.9,1443,157,NA,NA,NA,NA,NA,NA
"32","10003002700","Census Tract 27, New Castle County, Delaware",1393,84,1524,202,1349,147,29,12.1,1227,136,1601,239,NA,NA,NA,NA
"33","10003010400","Census Tract 104, New Castle County, Delaware",1313,76,NA,NA,1146,28,17.7,2.4,1345,67,1565,497,1488,217,NA,NA
"34","10003011204","Census Tract 112.04, New Castle County, Delaware",1086,80,NA,NA,896,380,25.7,4.2,1130,65,NA,NA,NA,NA,NA,NA
"35","10003011900","Census Tract 119, New Castle County, Delaware",1120,135,NA,NA,NA,NA,27.5,41.2,981,67,1180,572,NA,NA,NA,NA
"36","10003012500","Census Tract 125, New Castle County, Delaware",1137,115,NA,NA,736,58,33.1,4.6,1115,29,1365,21,NA,NA,NA,NA
"37","10003013100","Census Tract 131, New Castle County, Delaware",1010,269,NA,NA,NA,NA,19.4,10.4,1031,151,1535,364,NA,NA,NA,NA
"38","10003013300","Census Tract 133, New Castle County, Delaware",1571,253,NA,NA,NA,NA,35,16.9,NA,NA,1541,247,NA,NA,NA,NA
"39","10003013800","Census Tract 138, New Castle County, Delaware",1286,85,NA,NA,1198,95,19.9,3.7,1282,115,1430,196,NA,NA,NA,NA
"40","10003014000","Census Tract 140, New Castle County, Delaware",989,38,NA,NA,912,34,30.7,4.3,1095,36,1261,212,NA,NA,NA,NA
"41","10003014100","Census Tract 141, New Castle County, Delaware",1119,70,NA,NA,NA,NA,26.3,3.1,1099,40,1551,203,2036,363,NA,NA
"42","10003014403","Census Tract 144.03, New Castle County, Delaware",1171,47,NA,NA,1077,45,34.6,9.3,1125,92,1562,374,1568,647,NA,NA
"43","10003014803","Census Tract 148.03, New Castle County, Delaware",987,96,NA,NA,944,49,25,7.2,1150,173,2087,911,NA,NA,NA,NA
"44","10003015000","Census Tract 150, New Castle County, Delaware",988,72,NA,NA,887,139,34.7,15.5,1027,78,NA,NA,NA,NA,NA,NA
"45","10003015900","Census Tract 159, New Castle County, Delaware",1289,278,NA,NA,NA,NA,32.2,8.6,NA,NA,1362,310,NA,NA,NA,NA
"46","10005050405","Census Tract 504.05, Sussex County, Delaware",852,81,NA,NA,682,134,27.3,11.5,883,177,NA,NA,NA,NA,NA,NA
"47","10005050406","Census Tract 504.06, Sussex County, Delaware",815,393,NA,NA,NA,NA,37.2,10.6,598,451,1358,79,NA,NA,NA,NA
"48","10005050407","Census Tract 504.07, Sussex County, Delaware",1138,36,NA,NA,1063,116,31.6,6.8,1128,36,1273,253,NA,NA,NA,NA
"49","10005050408","Census Tract 504.08, Sussex County, Delaware",1028,204,NA,NA,NA,NA,30.1,10.9,809,190,1059,63,NA,NA,NA,NA
"50","10005050503","Census Tract 505.03, Sussex County, Delaware",832,196,NA,NA,518,17,34.2,8.4,810,190,1152,389,1655,108,NA,NA
"51","10001040501","Census Tract 405.01, Kent County, Delaware",1076,168,NA,NA,1069,283,38.2,3.8,977,51,1328,280,1563,295,NA,NA
"52","10001040502","Census Tract 405.02, Kent County, Delaware",833,259,NA,NA,NA,NA,39.4,19.4,760,189,1265,147,1667,957,NA,NA
"53","10001043202","Census Tract 432.02, Kent County, Delaware",988,91,NA,NA,938,72,33.2,12.9,935,144,1083,241,1260,190,NA,NA
"54","10001043300","Census Tract 433, Kent County, Delaware",1232,97,1090,110,725,438,33.4,4.2,1306,89,1283,195,NA,NA,NA,NA
"55","10001043400","Census Tract 434, Kent County, Delaware",904,94,727,137,616,244,31.2,3.2,778,87,949,80,NA,NA,NA,NA
"56","10001990000","Census Tract 9900, Kent County, Delaware",NA,NA,NA,NA,NA,NA,NA,NA,NA,NA,NA,NA,NA,NA,NA,NA
"57","10003013903","Census Tract 139.03, New Castle County, Delaware",1383,94,NA,NA,NA,NA,16.1,3.1,NA,NA,1400,346,NA,NA,NA,NA
"58","10003013904","Census Tract 139.04, New Castle County, Delaware",1383,48,NA,NA,1158,139,23.7,6.2,1356,41,1855,162,2150,293,NA,NA
"59","10003014809","Census Tract 148.09, New Castle County, Delaware",1692,72,NA,NA,1358,29,24.2,3.2,1722,34,1781,61,NA,NA,NA,NA
"60","10005051203","Census Tract 512.03, Sussex County, Delaware",NA,NA,NA,NA,NA,NA,NA,NA,NA,NA,NA,NA,NA,NA,NA,NA
"61","10005051204","Census Tract 512.04, Sussex County, Delaware",NA,NA,NA,NA,NA,NA,NA,NA,NA,NA,NA,NA,NA,NA,NA,NA
"62","10005051205","Census Tract 512.05, Sussex County, Delaware",1063,574,NA,NA,NA,NA,16.6,2.7,NA,NA,NA,NA,NA,NA,NA,NA
"63","10005051305","Census Tract 513.05, Sussex County, Delaware",1274,181,1313,150,NA,NA,34.7,7.3,863,281,1452,210,1555,949,NA,NA
"64","10005051306","Census Tract 513.06, Sussex County, Delaware",1530,443,NA,NA,NA,NA,29.7,11.4,1091,211,1817,235,NA,NA,NA,NA
"65","10005990000","Census Tract 9900, Sussex County, Delaware",NA,NA,NA,NA,NA,NA,NA,NA,NA,NA,NA,NA,NA,NA,NA,NA
"66","10003014404","Census Tract 144.04, New Castle County, Delaware",1592,136,NA,NA,1307,166,43.9,10.3,1702,78,NA,NA,NA,NA,NA,NA
"67","10003014903","Census Tract 149.03, New Castle County, Delaware",1261,91,NA,NA,1351,51,29,10.7,1168,120,1325,86,NA,NA,NA,NA
"68","10003000300","Census Tract 3, New Castle County, Delaware",1010,187,NA,NA,776,105,32.2,9.8,970,393,1143,170,NA,NA,NA,NA
"69","10003000601","Census Tract 6.01, New Castle County, Delaware",1144,188,NA,NA,NA,NA,36.9,13.8,1339,469,1092,157,1330,481,NA,NA
"70","10003002100","Census Tract 21, New Castle County, Delaware",607,265,329,38,349,91,32.3,4.5,963,320,1192,108,672,567,NA,NA
"71","10003002500","Census Tract 25, New Castle County, Delaware",959,182,NA,NA,874,206,37.4,10.7,NA,NA,1279,136,NA,NA,NA,NA
"72","10003011201","Census Tract 112.01, New Castle County, Delaware",1398,63,NA,NA,1075,251,17.4,2.2,1387,28,1802,94,NA,NA,NA,NA
"73","10003011300","Census Tract 113, New Castle County, Delaware",1133,339,NA,NA,911,223,28.5,19.9,918,231,NA,NA,NA,NA,NA,NA
"74","10003011500","Census Tract 115, New Castle County, Delaware",1021,550,NA,NA,NA,NA,46.5,10.7,1102,60,NA,NA,NA,NA,NA,NA
"75","10003011700","Census Tract 117, New Castle County, Delaware",1229,1094,850,89,NA,NA,28,2.3,2102,1652,NA,NA,NA,NA,NA,NA
"76","10003012300","Census Tract 123, New Castle County, Delaware",976,67,NA,NA,852,18,42.9,24.4,1031,115,NA,NA,NA,NA,NA,NA
"77","10003014808","Census Tract 148.08, New Castle County, Delaware",1282,83,NA,NA,1084,101,30.4,8.1,1265,92,1564,544,NA,NA,NA,NA
"78","10003013610","Census Tract 136.10, New Castle County, Delaware",1310,45,NA,NA,1170,57,27.4,16.9,1352,35,NA,NA,NA,NA,NA,NA
"79","10003013700","Census Tract 137, New Castle County, Delaware",1023,76,NA,NA,917,44,26.2,3.8,1124,32,1438,464,1609,463,NA,NA
"80","10003014904","Census Tract 149.04, New Castle County, Delaware",1378,92,NA,NA,1211,109,38.5,14.7,1435,108,1621,712,NA,NA,NA,NA
"81","10003016200","Census Tract 162, New Castle County, Delaware",1377,66,NA,NA,1178,231,22.6,7.9,1382,38,1741,49,NA,NA,NA,NA
"82","10003016301","Census Tract 163.01, New Castle County, Delaware",1452,60,NA,NA,1230,177,24.8,5.5,1436,55,1833,488,NA,NA,NA,NA
"83","10003016601","Census Tract 166.01, New Castle County, Delaware",1362,103,NA,NA,NA,NA,24,4.5,1287,149,1515,209,NA,NA,NA,NA
"84","10003016602","Census Tract 166.02, New Castle County, Delaware",1665,150,NA,NA,NA,NA,24.7,32.6,NA,NA,1658,573,NA,NA,NA,NA
"85","10003016901","Census Tract 169.01, New Castle County, Delaware",1442,549,NA,NA,NA,NA,26.8,11.1,NA,NA,NA,NA,1977,324,NA,NA
"86","10003000602","Census Tract 6.02, New Castle County, Delaware",853,111,294,270,809,219,33.3,11.6,903,127,986,230,NA,NA,NA,NA
"87","10003002800","Census Tract 28, New Castle County, Delaware",989,57,957,89,962,91,28,5.4,1058,123,1104,750,NA,NA,NA,NA
"88","10003002900","Census Tract 29, New Castle County, Delaware",468,106,356,126,289,100,31,3.5,617,329,1194,716,1276,199,NA,NA
"89","10003001902","Census Tract 19.02, New Castle County, Delaware",1128,185,NA,NA,1612,231,29.9,6.8,1065,168,839,479,NA,NA,NA,NA
"90","10003003002","Census Tract 30.02, New Castle County, Delaware",754,168,NA,NA,532,216,39.6,11.1,814,459,838,140,385,114,NA,NA
"91","10003010104","Census Tract 101.04, New Castle County, Delaware",972,33,NA,NA,911,59,30.6,8.1,969,33,1195,118,2059,1020,NA,NA
"92","10003010502","Census Tract 105.02, New Castle County, Delaware",1120,72,NA,NA,1096,75,27.1,5.2,1044,167,1042,675,NA,NA,NA,NA
"93","10003010702","Census Tract 107.02, New Castle County, Delaware",1106,98,NA,NA,957,49,43,8.9,1159,45,1264,383,NA,NA,NA,NA
"94","10003013505","Census Tract 135.05, New Castle County, Delaware",1946,1033,NA,NA,NA,NA,17,24.8,NA,NA,1783,274,NA,NA,NA,NA
"95","10003013506","Census Tract 135.06, New Castle County, Delaware",1750,758,NA,NA,NA,NA,51,NA,NA,NA,NA,NA,NA,NA,NA,NA
"96","10003013614","Census Tract 136.14, New Castle County, Delaware",1183,99,NA,NA,991,102,30.3,8.8,1281,90,1298,508,NA,NA,NA,NA
"97","10003013615","Census Tract 136.15, New Castle County, Delaware",1307,319,NA,NA,869,332,34.3,13.4,851,369,1360,225,NA,NA,NA,NA
"98","10003014706","Census Tract 147.06, New Castle County, Delaware",1012,101,NA,NA,865,29,29,3.9,963,114,1148,90,NA,NA,NA,NA
"99","10003014807","Census Tract 148.07, New Castle County, Delaware",1292,93,NA,NA,896,308,22.1,1.6,1311,71,1483,268,NA,NA,NA,NA
"100","10003015400","Census Tract 154, New Castle County, Delaware",1020,313,NA,NA,NA,NA,29.5,12.7,880,293,1108,357,NA,NA,NA,NA
"101","10003000200","Census Tract 2, New Castle County, Delaware",1157,158,NA,NA,904,99,37.8,7.1,1167,84,1693,141,NA,NA,NA,NA
"102","10003000900","Census Tract 9, New Castle County, Delaware",912,55,NA,NA,613,136,50,11.7,895,58,971,101,909,372,NA,NA
"103","10003010101","Census Tract 101.01, New Castle County, Delaware",1112,46,NA,NA,999,108,27.7,1.9,1200,57,1009,686,NA,NA,NA,NA
"104","10003011205","Census Tract 112.05, New Castle County, Delaware",2125,449,NA,NA,NA,NA,51,NA,NA,NA,NA,NA,NA,NA,NA,NA
"105","10003013501","Census Tract 135.01, New Castle County, Delaware",2398,1201,NA,NA,2426,1578,42.4,12.9,NA,NA,NA,NA,NA,NA,NA,NA
"106","10003014300","Census Tract 143, New Castle County, Delaware",1348,307,NA,NA,2038,1864,24.8,5.9,1238,164,1713,164,2186,129,NA,NA
"107","10003013901","Census Tract 139.01, New Castle County, Delaware",1096,45,NA,NA,983,86,19.5,12.5,1112,22,NA,NA,NA,NA,NA,NA
"108","10003002400","Census Tract 24, New Castle County, Delaware",1044,116,NA,NA,834,50,33.8,14.8,962,117,1377,208,NA,NA,NA,NA
"109","10003015200","Census Tract 152, New Castle County, Delaware",1110,75,889,410,NA,NA,31.3,5,1045,78,1449,133,NA,NA,NA,NA
"110","10003001500","Census Tract 15, New Castle County, Delaware",1063,75,979,356,900,288,26.8,9.2,1082,67,1113,29,NA,NA,NA,NA
"111","10003011203","Census Tract 112.03, New Castle County, Delaware",1111,45,1025,151,1042,89,30.1,6.9,1130,43,1373,112,NA,NA,NA,NA
"112","10003001400","Census Tract 14, New Castle County, Delaware",1144,88,NA,NA,684,292,27.9,3.2,1148,111,1476,223,NA,NA,NA,NA
"113","10003012100","Census Tract 121, New Castle County, Delaware",1041,154,NA,NA,947,26,27.1,6,1232,145,1577,298,NA,NA,NA,NA
"114","10003013607","Census Tract 136.07, New Castle County, Delaware",1348,219,NA,NA,1060,251,25.4,4.8,1280,165,1863,165,NA,NA,NA,NA
"115","10003015600","Census Tract 156, New Castle County, Delaware",1215,119,NA,NA,NA,NA,28.4,18.1,NA,NA,1243,158,NA,NA,NA,NA
"116","10003011206","Census Tract 112.06, New Castle County, Delaware",1149,299,NA,NA,778,258,28,7.2,NA,NA,1500,511,NA,NA,NA,NA
"117","10003000500","Census Tract 5, New Castle County, Delaware",1253,135,NA,NA,712,135,24.8,15.2,1179,227,1344,131,1411,125,NA,NA
"118","10003013503","Census Tract 135.03, New Castle County, Delaware",1597,555,NA,NA,NA,NA,45.4,20.5,NA,NA,1685,192,NA,NA,NA,NA
"119","10005050101","Census Tract 501.01, Sussex County, Delaware",1237,201,NA,NA,NA,NA,26.1,14,792,609,1226,370,NA,NA,NA,NA
"120","10005050401","Census Tract 504.01, Sussex County, Delaware",NA,NA,NA,NA,NA,NA,25.7,13,355,333,966,116,NA,NA,NA,NA
"121","10005050601","Census Tract 506.01, Sussex County, Delaware",743,343,NA,NA,NA,NA,19.4,6.5,NA,NA,725,269,NA,NA,NA,NA
"122","10005050301","Census Tract 503.01, Sussex County, Delaware",710,122,881,299,375,212,25.9,6.1,714,91,819,237,NA,NA,NA,NA
"123","10005050501","Census Tract 505.01, Sussex County, Delaware",973,69,NA,NA,856,14,27.8,12.3,1019,91,NA,NA,1108,714,NA,NA
"124","10005051303","Census Tract 513.03, Sussex County, Delaware",1428,133,NA,NA,NA,NA,30.2,11.5,1318,243,1434,190,1630,685,NA,NA
"125","10005050403","Census Tract 504.03, Sussex County, Delaware",968,154,NA,NA,767,300,30.5,4.8,781,524,1102,74,NA,NA,NA,NA
"126","10005050803","Census Tract 508.03, Sussex County, Delaware",1390,39,NA,NA,NA,NA,25.6,29.9,1426,270,NA,NA,NA,NA,NA,NA
"127","10005051500","Census Tract 515, Sussex County, Delaware",1114,74,NA,NA,918,76,24.8,16.4,1009,139,1147,84,1569,256,NA,NA
"128","10003016401","Census Tract 164.01, New Castle County, Delaware",NA,NA,NA,NA,NA,NA,NA,NA,NA,NA,NA,NA,NA,NA,NA,NA
"129","10003013612","Census Tract 136.12, New Castle County, Delaware",1779,116,NA,NA,NA,NA,24.5,22.9,1691,170,1867,281,NA,NA,NA,NA
"130","10003014502","Census Tract 145.02, New Castle County, Delaware",1437,137,NA,NA,917,139,51,NA,1403,92,1966,718,2457,1050,NA,NA
"131","10003014703","Census Tract 147.03, New Castle County, Delaware",1223,104,1289,212,997,106,28.1,7.3,1213,104,1415,156,1664,202,NA,NA
"132","10003015100","Census Tract 151, New Castle County, Delaware",1024,106,NA,NA,860,29,23.7,3,1065,99,1047,153,NA,NA,NA,NA
"133","10003016000","Census Tract 160, New Castle County, Delaware",910,112,NA,NA,770,17,31.9,3.2,918,96,950,17,NA,NA,NA,NA
"134","10003000400","Census Tract 4, New Castle County, Delaware",746,126,NA,NA,652,398,31,5.4,919,117,1403,194,NA,NA,NA,NA
"135","10003001300","Census Tract 13, New Castle County, Delaware",1293,269,935,65,928,172,18.9,2.2,1329,239,1936,206,NA,NA,NA,NA
"136","10003002600","Census Tract 26, New Castle County, Delaware",1110,47,NA,NA,938,386,36.7,10.1,934,202,1155,43,1452,220,1391,1122
"137","10003010200","Census Tract 102, New Castle County, Delaware",1578,579,NA,NA,NA,NA,19,39.8,NA,NA,NA,NA,1638,393,NA,NA
"138","10003010300","Census Tract 103, New Castle County, Delaware",1510,421,NA,NA,NA,NA,23.1,2,1726,43,1125,390,NA,NA,NA,NA
"139","10005050504","Census Tract 505.04, Sussex County, Delaware",868,148,NA,NA,836,164,26.4,9.2,617,232,1036,529,NA,NA,NA,NA
"140","10005050703","Census Tract 507.03, Sussex County, Delaware",1082,215,NA,NA,720,203,49.6,17.6,925,472,1344,200,NA,NA,NA,NA
"141","10005050705","Census Tract 507.05, Sussex County, Delaware",1005,123,NA,NA,NA,NA,51,NA,NA,NA,969,119,NA,NA,NA,NA
"142","10005050704","Census Tract 507.04, Sussex County, Delaware",NA,NA,NA,NA,NA,NA,24.7,4.5,717,18,1404,138,NA,NA,NA,NA
"143","10005050706","Census Tract 507.06, Sussex County, Delaware",1357,109,NA,NA,NA,NA,28.8,9.4,NA,NA,1229,318,NA,NA,NA,NA
"144","10005050901","Census Tract 509.01, Sussex County, Delaware",1485,308,NA,NA,NA,NA,23.7,7.5,1515,370,1533,351,NA,NA,NA,NA
"145","10005050902","Census Tract 509.02, Sussex County, Delaware",1060,324,NA,NA,NA,NA,25.1,7.8,1025,356,888,834,NA,NA,NA,NA
"146","10005051004","Census Tract 510.04, Sussex County, Delaware",1193,588,NA,NA,NA,NA,26.8,9.4,832,405,1595,319,2250,654,NA,NA
"147","10005051005","Census Tract 510.05, Sussex County, Delaware",1507,277,NA,NA,NA,NA,27.1,24.9,1156,184,1412,82,NA,NA,NA,NA
"148","10005051006","Census Tract 510.06, Sussex County, Delaware",1135,277,NA,NA,NA,NA,51,NA,1122,76,1724,700,NA,NA,NA,NA
"149","10005051007","Census Tract 510.07, Sussex County, Delaware",1459,221,NA,NA,NA,NA,51,NA,1573,290,1414,743,NA,NA,NA,NA
"150","10005051101","Census Tract 511.01, Sussex County, Delaware",1182,142,NA,NA,NA,NA,40.8,18.8,1284,144,958,220,NA,NA,NA,NA
"151","10005051102","Census Tract 511.02, Sussex County, Delaware",1210,118,NA,NA,1208,212,26.3,6.5,1150,51,1650,262,1550,730,NA,NA
"152","10005051103","Census Tract 511.03, Sussex County, Delaware",1630,761,NA,NA,783,238,23.7,7.6,1531,735,1717,68,NA,NA,NA,NA
"153","10005051201","Census Tract 512.01, Sussex County, Delaware",1338,407,NA,NA,NA,NA,35.4,9.9,950,19,1380,113,NA,NA,NA,NA
"154","10005051202","Census Tract 512.02, Sussex County, Delaware",NA,NA,NA,NA,NA,NA,NA,NA,NA,NA,NA,NA,NA,NA,NA,NA
"155","10005051702","Census Tract 517.02, Sussex County, Delaware",967,69,NA,NA,NA,NA,31.1,4.1,969,92,793,312,NA,NA,NA,NA
"156","10005051900","Census Tract 519, Sussex County, Delaware",852,36,NA,NA,637,101,31.4,3.3,895,177,895,89,1259,183,NA,NA
"157","10005050602","Census Tract 506.02, Sussex County, Delaware",1105,111,NA,NA,NA,NA,46.5,13.9,1093,32,1293,136,863,748,NA,NA
"158","10005051801","Census Tract 518.01, Sussex County, Delaware",599,498,NA,NA,294,158,33.5,19.1,879,211,NA,NA,NA,NA,NA,NA
"159","10005050302","Census Tract 503.02, Sussex County, Delaware",836,162,NA,NA,NA,NA,23.8,4.2,718,104,1056,354,NA,NA,NA,NA
"160","10005050701","Census Tract 507.01, Sussex County, Delaware",972,110,NA,NA,553,356,35.3,12,926,117,1072,180,NA,NA,NA,NA
"161","10005051301","Census Tract 513.01, Sussex County, Delaware",1130,297,NA,NA,NA,NA,19.8,5.4,1268,157,949,290,NA,NA,NA,NA
"162","10005051302","Census Tract 513.02, Sussex County, Delaware",1225,301,NA,NA,NA,NA,24.7,8.5,NA,NA,1267,512,NA,NA,NA,NA
"163","10005051701","Census Tract 517.01, Sussex County, Delaware",748,187,NA,NA,NA,NA,19.9,7.4,871,478,708,158,NA,NA,NA,NA
"164","10005051802","Census Tract 518.02, Sussex County, Delaware",799,270,NA,NA,671,374,32.8,4.6,793,264,791,357,1257,174,NA,NA
"165","10005050103","Census Tract 501.03, Sussex County, Delaware",1229,84,NA,NA,NA,NA,23.1,2.7,1160,51,1304,170,NA,NA,NA,NA
"166","10003010800","Census Tract 108, New Castle County, Delaware",1310,138,NA,NA,1206,250,23.2,3.8,1513,165,NA,NA,NA,NA,NA,NA
"167","10003010900","Census Tract 109, New Castle County, Delaware",1609,443,NA,NA,NA,NA,51,NA,NA,NA,1602,401,NA,NA,NA,NA
"168","10003012400","Census Tract 124, New Castle County, Delaware",1132,149,NA,NA,698,157,30.1,11.2,1060,113,1443,188,NA,NA,NA,NA
"169","10003011100","Census Tract 111, New Castle County, Delaware",1435,169,700,243,945,104,23.1,4.9,1328,171,1724,67,2154,154,NA,NA
"170","10003011202","Census Tract 112.02, New Castle County, Delaware",1146,51,NA,NA,NA,NA,24.7,45.2,NA,NA,NA,NA,NA,NA,NA,NA
"171","10003011800","Census Tract 118, New Castle County, Delaware",1378,90,NA,NA,1249,120,25.5,3.3,1415,130,2139,1046,NA,NA,NA,NA
"172","10003013400","Census Tract 134, New Castle County, Delaware",817,136,NA,NA,NA,NA,32.1,34.7,801,151,1669,186,NA,NA,NA,NA
"173","10003013613","Census Tract 136.13, New Castle County, Delaware",1396,154,NA,NA,1164,263,27.2,13,1328,119,1698,93,1688,928,NA,NA
"174","10003014402","Census Tract 144.02, New Castle County, Delaware",1500,357,NA,NA,1050,114,39.6,19.6,1220,160,1645,270,2513,741,NA,NA
"175","10003014501","Census Tract 145.01, New Castle County, Delaware",1152,68,NA,NA,877,526,51,NA,1228,429,2063,392,1625,1249,3250,1495
"176","10003014805","Census Tract 148.05, New Castle County, Delaware",1693,96,NA,NA,NA,NA,18.9,6.1,NA,NA,1673,139,NA,NA,NA,NA
"177","10003016100","Census Tract 161, New Castle County, Delaware",1142,119,NA,NA,846,560,35.2,12.1,1150,109,1326,184,NA,NA,NA,NA
"178","10003016302","Census Tract 163.02, New Castle County, Delaware",1569,237,NA,NA,1833,1394,25.1,14.2,1628,444,NA,NA,NA,NA,NA,NA
"179","10003016801","Census Tract 168.01, New Castle County, Delaware",1333,640,NA,NA,NA,NA,37.6,22.7,NA,NA,1452,269,NA,NA,NA,NA
"180","10003002200","Census Tract 22, New Castle County, Delaware",1075,132,NA,NA,NA,NA,38.2,16.2,1095,106,998,102,1345,54,1313,819
"181","10003011000","Census Tract 110, New Castle County, Delaware",2313,144,NA,NA,NA,NA,25.2,4.1,NA,NA,2396,305,NA,NA,NA,NA
"182","10003011600","Census Tract 116, New Castle County, Delaware",1028,591,NA,NA,NA,NA,24.5,6.1,860,23,1694,823,NA,NA,NA,NA
"183","10003013000","Census Tract 130, New Castle County, Delaware",1520,291,NA,NA,NA,NA,22,6.4,NA,NA,1679,143,NA,NA,NA,NA
"184","10003016604","Census Tract 166.04, New Castle County, Delaware",966,115,NA,NA,NA,NA,24.2,10.7,988,116,789,585,NA,NA,NA,NA
"185","10003014810","Census Tract 148.10, New Castle County, Delaware",1373,92,NA,NA,NA,NA,24.5,7.4,1291,94,1821,153,NA,NA,NA,NA
"186","10003014906","Census Tract 149.06, New Castle County, Delaware",1298,91,NA,NA,1185,132,30.7,11.7,1239,130,1400,93,NA,NA,NA,NA
"187","10003014907","Census Tract 149.07, New Castle County, Delaware",1117,133,NA,NA,337,151,22,4.7,1223,137,1336,209,NA,NA,NA,NA
"188","10003014908","Census Tract 149.08, New Castle County, Delaware",1093,82,NA,NA,380,102,28.1,1.6,1195,86,1380,718,NA,NA,NA,NA
"189","10003014909","Census Tract 149.09, New Castle County, Delaware",1235,75,NA,NA,970,75,28.6,4.2,1225,76,1466,149,NA,NA,NA,NA
"190","10003015502","Census Tract 155.02, New Castle County, Delaware",976,117,NA,NA,NA,NA,30.5,12.8,824,96,1189,225,NA,NA,NA,NA
"191","10003015802","Census Tract 158.02, New Castle County, Delaware",1318,65,NA,NA,NA,NA,43.4,22.8,NA,NA,1335,72,NA,NA,NA,NA
"192","10003016305","Census Tract 163.05, New Castle County, Delaware",1081,72,NA,NA,953,24,26.8,8.4,1154,52,NA,NA,NA,NA,NA,NA
"193","10003016404","Census Tract 164.04, New Castle County, Delaware",1052,132,NA,NA,770,386,31.7,6.3,1120,68,1358,105,NA,NA,NA,NA
"194","10003016608","Census Tract 166.08, New Castle County, Delaware",NA,NA,NA,NA,NA,NA,NA,NA,NA,NA,NA,NA,NA,NA,NA,NA
"195","10003016804","Census Tract 168.04, New Castle County, Delaware",1758,336,NA,NA,NA,NA,40.3,31.2,NA,NA,NA,NA,NA,NA,NA,NA
"196","10003016904","Census Tract 169.04, New Castle County, Delaware",1277,290,NA,NA,NA,NA,10.8,4,NA,NA,NA,NA,NA,NA,NA,NA
"197","10003980100","Census Tract 9801, New Castle County, Delaware",NA,NA,NA,NA,NA,NA,NA,NA,NA,NA,NA,NA,NA,NA,NA,NA
"198","10003990100","Census Tract 9901, New Castle County, Delaware",NA,NA,NA,NA,NA,NA,NA,NA,NA,NA,NA,NA,NA,NA,NA,NA
"199","10005050104","Census Tract 501.04, Sussex County, Delaware",1067,110,NA,NA,709,590,27.7,4.6,1059,153,1178,158,NA,NA,NA,NA
"200","10005050105","Census Tract 501.05, Sussex County, Delaware",1005,116,NA,NA,NA,NA,14.9,17.8,NA,NA,1064,127,NA,NA,NA,NA
"201","10005050200","Census Tract 502, Sussex County, Delaware",1000,119,NA,NA,NA,NA,25.7,19,870,72,1096,78,956,88,NA,NA
"202","10005051003","Census Tract 510.03, Sussex County, Delaware",1355,148,NA,NA,NA,NA,35.1,17.2,1206,138,1614,206,NA,NA,NA,NA
"203","10005050802","Census Tract 508.02, Sussex County, Delaware",1275,266,NA,NA,NA,NA,27.8,22.2,1030,291,1612,343,1348,201,NA,NA
"204","10005051400","Census Tract 514, Sussex County, Delaware",874,218,NA,NA,NA,NA,42.5,8.6,1015,298,1069,272,NA,NA,NA,NA
"205","10005050801","Census Tract 508.01, Sussex County, Delaware",829,274,NA,NA,591,25,31.2,2.6,841,291,1625,241,NA,NA,NA,NA
"206","10001042800","Census Tract 428, Kent County, Delaware",1053,329,NA,NA,318,52,31.3,4.4,851,17,1645,620,1399,134,NA,NA
"207","10001042202","Census Tract 422.02, Kent County, Delaware",1229,209,NA,NA,NA,NA,45.3,6.7,NA,NA,1208,149,1730,45,NA,NA
"208","10001043100","Census Tract 431, Kent County, Delaware",1061,169,NA,NA,NA,NA,12.8,5.9,987,215,1080,110,NA,NA,NA,NA
"209","10001040201","Census Tract 402.01, Kent County, Delaware",1153,86,NA,NA,888,95,28,5.3,1079,49,1410,51,1361,44,NA,NA
"210","10001041600","Census Tract 416, Kent County, Delaware",1112,82,NA,NA,NA,NA,33.9,14.5,1064,260,1196,210,NA,NA,NA,NA
"211","10001042100","Census Tract 421, Kent County, Delaware",952,52,NA,NA,NA,NA,47.4,11.9,955,23,745,395,NA,NA,NA,NA
"212","10001043000","Census Tract 430, Kent County, Delaware",888,199,NA,NA,821,186,33.6,3.3,818,470,1588,855,NA,NA,NA,NA
"213","10001041702","Census Tract 417.02, Kent County, Delaware",1058,285,NA,NA,NA,NA,31.3,10.2,897,270,953,274,1794,126,NA,NA
"214","10001040202","Census Tract 402.02, Kent County, Delaware",1168,141,NA,NA,956,19,25.5,6.7,1063,144,1332,145,1609,980,NA,NA
"215","10001040203","Census Tract 402.03, Kent County, Delaware",816,302,NA,NA,NA,NA,37.2,10.2,751,58,1336,82,NA,NA,NA,NA
"216","10001040900","Census Tract 409, Kent County, Delaware",669,77,NA,NA,470,123,29,2,971,183,NA,NA,NA,NA,NA,NA
"217","10001041300","Census Tract 413, Kent County, Delaware",847,78,NA,NA,877,42,30.4,7.5,745,154,1132,268,NA,NA,NA,NA
"218","10001041701","Census Tract 417.01, Kent County, Delaware",1385,258,NA,NA,732,17,29.1,8.5,1013,133,1650,93,1222,292,NA,NA
